[{"model": "admin.logentry", "pk": 1, "fields": {"action_time": "2025-02-25T07:57:50.959Z", "user": 1, "content_type": null, "object_id": "1", "object_repr": "United States", "action_flag": 1, "change_message": "[{\"added\": {}}]"}}, {"model": "admin.logentry", "pk": 2, "fields": {"action_time": "2025-02-25T07:58:16.763Z", "user": 1, "content_type": null, "object_id": "2", "object_repr": "Canada", "action_flag": 1, "change_message": "[{\"added\": {}}]"}}, {"model": "admin.logentry", "pk": 3, "fields": {"action_time": "2025-02-25T07:58:43.802Z", "user": 1, "content_type": null, "object_id": "3", "object_repr": "United Kingdom", "action_flag": 1, "change_message": "[{\"added\": {}}]"}}, {"model": "admin.logentry", "pk": 4, "fields": {"action_time": "2025-02-25T07:58:58.503Z", "user": 1, "content_type": null, "object_id": "4", "object_repr": "France", "action_flag": 1, "change_message": "[{\"added\": {}}]"}}, {"model": "admin.logentry", "pk": 5, "fields": {"action_time": "2025-02-25T07:59:12.291Z", "user": 1, "content_type": null, "object_id": "5", "object_repr": "Japan", "action_flag": 1, "change_message": "[{\"added\": {}}]"}}, {"model": "admin.logentry", "pk": 6, "fields": {"action_time": "2025-02-25T08:02:35.828Z", "user": 1, "content_type": null, "object_id": "6", "object_repr": "Philippines", "action_flag": 1, "change_message": "[{\"added\": {}}]"}}, {"model": "admin.logentry", "pk": 7, "fields": {"action_time": "2025-02-25T08:03:53.755Z", "user": 1, "content_type": null, "object_id": "1", "object_repr": "London", "action_flag": 1, "change_message": "[{\"added\": {}}]"}}, {"model": "admin.logentry", "pk": 8, "fields": {"action_time": "2025-02-25T08:04:35.154Z", "user": 1, "content_type": null, "object_id": "2", "object_repr": "City: Tokyo", "action_flag": 1, "change_message": "[{\"added\": {}}]"}}, {"model": "admin.logentry", "pk": 9, "fields": {"action_time": "2025-02-25T08:05:03.604Z", "user": 1, "content_type": null, "object_id": "3", "object_repr": "City: Paris", "action_flag": 1, "change_message": "[{\"added\": {}}]"}}, {"model": "admin.logentry", "pk": 10, "fields": {"action_time": "2025-02-25T08:05:25.144Z", "user": 1, "content_type": null, "object_id": "4", "object_repr": "City: Toronto", "action_flag": 1, "change_message": "[{\"added\": {}}]"}}, {"model": "admin.logentry", "pk": 11, "fields": {"action_time": "2025-02-25T08:05:46.749Z", "user": 1, "content_type": null, "object_id": "5", "object_repr": "City: New York City", "action_flag": 1, "change_message": "[{\"added\": {}}]"}}, {"model": "admin.logentry", "pk": 12, "fields": {"action_time": "2025-02-25T08:10:07.109Z", "user": 1, "content_type": null, "object_id": "6", "object_repr": "City: Manila", "action_flag": 1, "change_message": "[{\"added\": {}}]"}}, {"model": "admin.logentry", "pk": 13, "fields": {"action_time": "2025-02-25T08:10:28.897Z", "user": 1, "content_type": null, "object_id": "7", "object_repr": "City: Cagayan de Oro", "action_flag": 1, "change_message": "[{\"added\": {}}]"}}, {"model": "admin.logentry", "pk": 14, "fields": {"action_time": "2025-02-25T08:10:47.820Z", "user": 1, "content_type": null, "object_id": "8", "object_repr": "City: Cebu City", "action_flag": 1, "change_message": "[{\"added\": {}}]"}}, {"model": "admin.logentry", "pk": 15, "fields": {"action_time": "2025-02-25T09:30:59.280Z", "user": 1, "content_type": null, "object_id": "1", "object_repr": "Beach", "action_flag": 1, "change_message": "[{\"added\": {}}]"}}, {"model": "admin.logentry", "pk": 16, "fields": {"action_time": "2025-02-25T09:31:27.151Z", "user": 1, "content_type": null, "object_id": "2", "object_repr": "Cityscape", "action_flag": 1, "change_message": "[{\"added\": {}}]"}}, {"model": "admin.logentry", "pk": 17, "fields": {"action_time": "2025-02-25T09:31:45.250Z", "user": 1, "content_type": null, "object_id": "3", "object_repr": "Mountain", "action_flag": 1, "change_message": "[{\"added\": {}}]"}}, {"model": "admin.logentry", "pk": 18, "fields": {"action_time": "2025-02-25T09:32:05.171Z", "user": 1, "content_type": null, "object_id": "4", "object_repr": "Island", "action_flag": 1, "change_message": "[{\"added\": {}}]"}}, {"model": "admin.logentry", "pk": 19, "fields": {"action_time": "2025-02-25T09:32:48.067Z", "user": 1, "content_type": null, "object_id": "5", "object_repr": "Countryside", "action_flag": 1, "change_message": "[{\"added\": {}}]"}}, {"model": "admin.logentry", "pk": 20, "fields": {"action_time": "2025-02-25T09:33:23.810Z", "user": 1, "content_type": null, "object_id": "6", "object_repr": "Historical Landmarks", "action_flag": 1, "change_message": "[{\"added\": {}}]"}}, {"model": "admin.logentry", "pk": 21, "fields": {"action_time": "2025-02-25T09:33:53.354Z", "user": 1, "content_type": null, "object_id": "7", "object_repr": "Wildlife", "action_flag": 1, "change_message": "[{\"added\": {}}]"}}, {"model": "admin.logentry", "pk": 22, "fields": {"action_time": "2025-02-25T09:35:55.234Z", "user": 1, "content_type": null, "object_id": "1", "object_repr": "Destination object (1)", "action_flag": 1, "change_message": "[{\"added\": {}}]"}}, {"model": "admin.logentry", "pk": 23, "fields": {"action_time": "2025-02-25T09:36:45.616Z", "user": 1, "content_type": null, "object_id": "1", "object_repr": "Siargao Island", "action_flag": 3, "change_message": ""}}, {"model": "admin.logentry", "pk": 24, "fields": {"action_time": "2025-02-25T09:38:25.271Z", "user": 1, "content_type": null, "object_id": "1", "object_repr": "Siargao", "action_flag": 1, "change_message": "[{\"added\": {}}]"}}, {"model": "admin.logentry", "pk": 25, "fields": {"action_time": "2025-02-25T09:38:59.548Z", "user": 1, "content_type": null, "object_id": "2", "object_repr": "Banaue", "action_flag": 1, "change_message": "[{\"added\": {}}]"}}, {"model": "admin.logentry", "pk": 26, "fields": {"action_time": "2025-02-25T09:39:32.472Z", "user": 1, "content_type": null, "object_id": "3", "object_repr": "Palawan", "action_flag": 1, "change_message": "[{\"added\": {}}]"}}, {"model": "admin.logentry", "pk": 27, "fields": {"action_time": "2025-02-25T09:40:32.756Z", "user": 1, "content_type": null, "object_id": "4", "object_repr": "Mount Fuji", "action_flag": 1, "change_message": "[{\"added\": {}}]"}}, {"model": "admin.logentry", "pk": 28, "fields": {"action_time": "2025-02-25T09:41:00.434Z", "user": 1, "content_type": null, "object_id": "5", "object_repr": "Chocolate Hills", "action_flag": 1, "change_message": "[{\"added\": {}}]"}}, {"model": "admin.logentry", "pk": 29, "fields": {"action_time": "2025-02-25T09:41:57.098Z", "user": 1, "content_type": null, "object_id": "6", "object_repr": "Louvre Museum", "action_flag": 1, "change_message": "[{\"added\": {}}]"}}, {"model": "admin.logentry", "pk": 30, "fields": {"action_time": "2025-02-25T09:43:16.413Z", "user": 1, "content_type": null, "object_id": "7", "object_repr": "Niagara Falls", "action_flag": 1, "change_message": "[{\"added\": {}}]"}}, {"model": "admin.logentry", "pk": 31, "fields": {"action_time": "2025-02-25T09:44:01.805Z", "user": 1, "content_type": null, "object_id": "8", "object_repr": "Lakes/Rivers", "action_flag": 1, "change_message": "[{\"added\": {}}]"}}, {"model": "admin.logentry", "pk": 32, "fields": {"action_time": "2025-02-25T09:44:57.418Z", "user": 1, "content_type": null, "object_id": "8", "object_repr": "Grand Canyon", "action_flag": 1, "change_message": "[{\"added\": {}}]"}}, {"model": "admin.logentry", "pk": 33, "fields": {"action_time": "2025-02-25T09:45:30.014Z", "user": 1, "content_type": null, "object_id": "9", "object_repr": "Sydney Opera House", "action_flag": 1, "change_message": "[{\"added\": {}}]"}}, {"model": "admin.logentry", "pk": 34, "fields": {"action_time": "2025-02-25T09:58:02.720Z", "user": 1, "content_type": null, "object_id": "2", "object_repr": "customer", "action_flag": 1, "change_message": "[{\"added\": {}}]"}}, {"model": "admin.logentry", "pk": 35, "fields": {"action_time": "2025-02-25T09:58:14.604Z", "user": 1, "content_type": null, "object_id": "3", "object_repr": "host", "action_flag": 1, "change_message": "[{\"added\": {}}]"}}, {"model": "admin.logentry", "pk": 36, "fields": {"action_time": "2025-02-25T10:21:17.369Z", "user": 1, "content_type": null, "object_id": "3", "object_repr": "host", "action_flag": 2, "change_message": "[]"}}, {"model": "admin.logentry", "pk": 37, "fields": {"action_time": "2025-02-25T10:25:50.126Z", "user": 1, "content_type": null, "object_id": "3", "object_repr": "host", "action_flag": 3, "change_message": ""}}, {"model": "admin.logentry", "pk": 38, "fields": {"action_time": "2025-02-25T10:25:50.126Z", "user": 1, "content_type": null, "object_id": "2", "object_repr": "customer", "action_flag": 3, "change_message": ""}}, {"model": "admin.logentry", "pk": 39, "fields": {"action_time": "2025-02-25T11:16:51.579Z", "user": 1, "content_type": null, "object_id": "1", "object_repr": "host Profile", "action_flag": 1, "change_message": "[{\"added\": {}}]"}}, {"model": "admin.logentry", "pk": 40, "fields": {"action_time": "2025-02-25T11:20:47.045Z", "user": 1, "content_type": null, "object_id": "1", "object_repr": "host Profile", "action_flag": 3, "change_message": ""}}, {"model": "admin.logentry", "pk": 41, "fields": {"action_time": "2025-02-25T13:36:19.321Z", "user": 1, "content_type": null, "object_id": "4", "object_repr": "host", "action_flag": 3, "change_message": ""}}, {"model": "admin.logentry", "pk": 42, "fields": {"action_time": "2025-02-25T14:20:33.311Z", "user": 1, "content_type": null, "object_id": "6", "object_repr": "adventuregal", "action_flag": 3, "change_message": ""}}, {"model": "admin.logentry", "pk": 43, "fields": {"action_time": "2025-02-25T14:20:33.311Z", "user": 1, "content_type": null, "object_id": "5", "object_repr": "traveler123", "action_flag": 3, "change_message": ""}}, {"model": "admin.logentry", "pk": 44, "fields": {"action_time": "2025-02-25T14:34:13.964Z", "user": 1, "content_type": null, "object_id": "8", "object_repr": "superuser", "action_flag": 3, "change_message": ""}}, {"model": "admin.logentry", "pk": 45, "fields": {"action_time": "2025-02-25T14:34:13.964Z", "user": 1, "content_type": null, "object_id": "7", "object_repr": "host", "action_flag": 3, "change_message": ""}}, {"model": "admin.logentry", "pk": 46, "fields": {"action_time": "2025-02-26T01:59:58.915Z", "user": 1, "content_type": null, "object_id": "10", "object_repr": "customer", "action_flag": 3, "change_message": ""}}, {"model": "admin.logentry", "pk": 47, "fields": {"action_time": "2025-02-26T01:59:58.915Z", "user": 1, "content_type": null, "object_id": "9", "object_repr": "superuser", "action_flag": 3, "change_message": ""}}, {"model": "admin.logentry", "pk": 48, "fields": {"action_time": "2025-02-26T02:01:23.043Z", "user": 1, "content_type": null, "object_id": "3", "object_repr": "Host  Profile", "action_flag": 3, "change_message": ""}}, {"model": "admin.logentry", "pk": 49, "fields": {"action_time": "2025-02-26T02:01:34.023Z", "user": 1, "content_type": null, "object_id": "11", "object_repr": "host", "action_flag": 3, "change_message": ""}}, {"model": "admin.logentry", "pk": 50, "fields": {"action_time": "2025-02-26T02:18:14.875Z", "user": 1, "content_type": null, "object_id": "1", "object_repr": "Package Image for Package: None", "action_flag": 1, "change_message": "[{\"added\": {}}]"}}, {"model": "admin.logentry", "pk": 51, "fields": {"action_time": "2025-02-26T02:18:21.804Z", "user": 1, "content_type": null, "object_id": "2", "object_repr": "Package Image for Package: None", "action_flag": 1, "change_message": "[{\"added\": {}}]"}}, {"model": "admin.logentry", "pk": 52, "fields": {"action_time": "2025-02-26T02:23:02.782Z", "user": 1, "content_type": null, "object_id": "1", "object_repr": "Package: Siargao Island Surf & Nature Retreat", "action_flag": 1, "change_message": "[{\"added\": {}}]"}}, {"model": "admin.logentry", "pk": 53, "fields": {"action_time": "2025-02-26T02:43:05.839Z", "user": 1, "content_type": null, "object_id": "3", "object_repr": "Package Image for package Siargao Island Surf & Nature Retreat", "action_flag": 1, "change_message": "[{\"added\": {}}]"}}, {"model": "admin.logentry", "pk": 54, "fields": {"action_time": "2025-02-26T02:43:12.621Z", "user": 1, "content_type": null, "object_id": "4", "object_repr": "Package Image for package Siargao Island Surf & Nature Retreat", "action_flag": 1, "change_message": "[{\"added\": {}}]"}}, {"model": "admin.logentry", "pk": 55, "fields": {"action_time": "2025-02-26T02:44:45.507Z", "user": 1, "content_type": null, "object_id": "5", "object_repr": "Package Image for package Siargao Island Surf & Nature Retreat", "action_flag": 1, "change_message": "[{\"added\": {}}]"}}, {"model": "admin.logentry", "pk": 56, "fields": {"action_time": "2025-02-26T02:44:50.487Z", "user": 1, "content_type": null, "object_id": "6", "object_repr": "Package Image for package Siargao Island Surf & Nature Retreat", "action_flag": 1, "change_message": "[{\"added\": {}}]"}}, {"model": "admin.logentry", "pk": 57, "fields": {"action_time": "2025-02-26T04:20:15.121Z", "user": 1, "content_type": null, "object_id": "1", "object_repr": "Package Amenity: Professional surfing lessons at Cloud 9", "action_flag": 1, "change_message": "[{\"added\": {}}]"}}, {"model": "admin.logentry", "pk": 58, "fields": {"action_time": "2025-02-26T04:20:18.854Z", "user": 1, "content_type": null, "object_id": "2", "object_repr": "Package Amenity: Free daily surfboard rental", "action_flag": 1, "change_message": "[{\"added\": {}}]"}}, {"model": "admin.logentry", "pk": 59, "fields": {"action_time": "2025-02-26T04:20:23.334Z", "user": 1, "content_type": null, "object_id": "3", "object_repr": "Package Amenity: eachfront accommodation with breakfast", "action_flag": 1, "change_message": "[{\"added\": {}}]"}}, {"model": "admin.logentry", "pk": 60, "fields": {"action_time": "2025-02-26T04:20:33.798Z", "user": 1, "content_type": null, "object_id": "1", "object_repr": "Package Type: Surfing Adventure Package", "action_flag": 1, "change_message": "[{\"added\": {}}]"}}, {"model": "admin.logentry", "pk": 61, "fields": {"action_time": "2025-02-26T04:21:05.077Z", "user": 1, "content_type": null, "object_id": "3", "object_repr": "Package Amenity: Beach front accommodation with breakfast", "action_flag": 2, "change_message": "[{\"changed\": {\"fields\": [\"Name\"]}}]"}}, {"model": "admin.logentry", "pk": 62, "fields": {"action_time": "2025-02-26T04:21:25.978Z", "user": 1, "content_type": null, "object_id": "4", "object_repr": "Package Amenity: Private boat tour to Sugba Lagoon, Naked Island, and Daku Island", "action_flag": 1, "change_message": "[{\"added\": {}}]"}}, {"model": "admin.logentry", "pk": 63, "fields": {"action_time": "2025-02-26T04:21:31.440Z", "user": 1, "content_type": null, "object_id": "5", "object_repr": "Package Amenity: Free snorkeling gear rental", "action_flag": 1, "change_message": "[{\"added\": {}}]"}}, {"model": "admin.logentry", "pk": 64, "fields": {"action_time": "2025-02-26T04:21:36.040Z", "user": 1, "content_type": null, "object_id": "6", "object_repr": "Package Amenity: Complimentary seafood lunch by the beach", "action_flag": 1, "change_message": "[{\"added\": {}}]"}}, {"model": "admin.logentry", "pk": 65, "fields": {"action_time": "2025-02-26T04:21:43.937Z", "user": 1, "content_type": null, "object_id": "2", "object_repr": "Package Type: Island-Hopping & Lagoon Escape", "action_flag": 1, "change_message": "[{\"added\": {}}]"}}, {"model": "admin.logentry", "pk": 66, "fields": {"action_time": "2025-02-26T04:21:55.174Z", "user": 1, "content_type": null, "object_id": "7", "object_repr": "Package Amenity: Beachfront yoga and meditation sessions", "action_flag": 1, "change_message": "[{\"added\": {}}]"}}, {"model": "admin.logentry", "pk": 67, "fields": {"action_time": "2025-02-26T04:22:00.636Z", "user": 1, "content_type": null, "object_id": "8", "object_repr": "Package Amenity: Traditional Filipino hilot massage", "action_flag": 1, "change_message": "[{\"added\": {}}]"}}, {"model": "admin.logentry", "pk": 68, "fields": {"action_time": "2025-02-26T04:22:03.996Z", "user": 1, "content_type": null, "object_id": "9", "object_repr": "Package Amenity: Complimentary fresh coconut drinks daily", "action_flag": 1, "change_message": "[{\"added\": {}}]"}}, {"model": "admin.logentry", "pk": 69, "fields": {"action_time": "2025-02-26T04:22:08.203Z", "user": 1, "content_type": null, "object_id": "10", "object_repr": "Package Amenity: Unwind with serene beachfront yoga, soothing massages, and tropical relaxation in the peaceful paradise of Siargao.", "action_flag": 1, "change_message": "[{\"added\": {}}]"}}, {"model": "admin.logentry", "pk": 70, "fields": {"action_time": "2025-02-26T04:29:32.018Z", "user": 1, "content_type": null, "object_id": "2", "object_repr": "Package Type: Island-Hopping & Lagoon Escape", "action_flag": 2, "change_message": "[{\"changed\": {\"fields\": [\"Package amenity\"]}}]"}}, {"model": "admin.logentry", "pk": 71, "fields": {"action_time": "2025-02-26T04:30:02.271Z", "user": 1, "content_type": null, "object_id": "10", "object_repr": "none", "action_flag": 3, "change_message": ""}}, {"model": "admin.logentry", "pk": 72, "fields": {"action_time": "2025-02-26T04:30:02.271Z", "user": 1, "content_type": null, "object_id": "6", "object_repr": "none", "action_flag": 3, "change_message": ""}}, {"model": "admin.logentry", "pk": 73, "fields": {"action_time": "2025-02-26T04:30:02.271Z", "user": 1, "content_type": null, "object_id": "5", "object_repr": "none", "action_flag": 3, "change_message": ""}}, {"model": "admin.logentry", "pk": 74, "fields": {"action_time": "2025-02-26T04:30:02.272Z", "user": 1, "content_type": null, "object_id": "4", "object_repr": "none", "action_flag": 3, "change_message": ""}}, {"model": "admin.logentry", "pk": 75, "fields": {"action_time": "2025-02-26T04:30:15.571Z", "user": 1, "content_type": null, "object_id": "2", "object_repr": "Package Type: Island-Hopping & Lagoon Escape", "action_flag": 2, "change_message": "[]"}}, {"model": "admin.logentry", "pk": 76, "fields": {"action_time": "2025-02-26T04:32:18.037Z", "user": 1, "content_type": null, "object_id": "11", "object_repr": "Private boat tour to Sugba Lagoon, Naked Island, and Daku Island", "action_flag": 1, "change_message": "[{\"added\": {}}]"}}, {"model": "admin.logentry", "pk": 77, "fields": {"action_time": "2025-02-26T04:32:24.987Z", "user": 1, "content_type": null, "object_id": "12", "object_repr": "Free snorkeling gear rental", "action_flag": 1, "change_message": "[{\"added\": {}}]"}}, {"model": "admin.logentry", "pk": 78, "fields": {"action_time": "2025-02-26T04:32:30.965Z", "user": 1, "content_type": null, "object_id": "13", "object_repr": "Complimentary seafood lunch by the beach", "action_flag": 1, "change_message": "[{\"added\": {}}]"}}, {"model": "admin.logentry", "pk": 79, "fields": {"action_time": "2025-02-26T04:32:34.416Z", "user": 1, "content_type": null, "object_id": "2", "object_repr": "Package Type: Island-Hopping & Lagoon Escape", "action_flag": 2, "change_message": "[{\"changed\": {\"fields\": [\"Package amenity\"]}}]"}}, {"model": "admin.logentry", "pk": 80, "fields": {"action_time": "2025-02-26T04:33:00.621Z", "user": 1, "content_type": null, "object_id": "3", "object_repr": "Package Type: Siargao Relaxation & Wellness Retreat", "action_flag": 1, "change_message": "[{\"added\": {}}]"}}, {"model": "admin.logentry", "pk": 81, "fields": {"action_time": "2025-02-26T04:42:22.572Z", "user": 1, "content_type": null, "object_id": "1", "object_repr": "Beachfront accommodations", "action_flag": 1, "change_message": "[{\"added\": {}}]"}}, {"model": "admin.logentry", "pk": 82, "fields": {"action_time": "2025-02-26T04:42:28.378Z", "user": 1, "content_type": null, "object_id": "2", "object_repr": "Free Wi-Fi", "action_flag": 1, "change_message": "[{\"added\": {}}]"}}, {"model": "admin.logentry", "pk": 83, "fields": {"action_time": "2025-02-26T04:42:44.243Z", "user": 1, "content_type": null, "object_id": "3", "object_repr": "Daily breakfast", "action_flag": 1, "change_message": "[{\"added\": {}}]"}}, {"model": "admin.logentry", "pk": 84, "fields": {"action_time": "2025-02-26T04:42:58.446Z", "user": 1, "content_type": null, "object_id": "1", "object_repr": "Package: Siargao Island Surf & Nature Retreat", "action_flag": 2, "change_message": "[{\"changed\": {\"fields\": [\"Package amenity\"]}}]"}}, {"model": "admin.logentry", "pk": 85, "fields": {"action_time": "2025-02-26T04:49:47.253Z", "user": 1, "content_type": null, "object_id": "1", "object_repr": "Package Siargao Island Surf & Nature Retreat Route Point 1: Arrival & Check-in", "action_flag": 1, "change_message": "[{\"added\": {}}]"}}, {"model": "admin.logentry", "pk": 86, "fields": {"action_time": "2025-02-26T04:50:41.538Z", "user": 1, "content_type": null, "object_id": "2", "object_repr": "Package Siargao Island Surf & Nature Retreat Route Point 2: Surfing Lesson at Cloud 9", "action_flag": 1, "change_message": "[{\"added\": {}}]"}}, {"model": "admin.logentry", "pk": 87, "fields": {"action_time": "2025-02-26T04:51:21.924Z", "user": 1, "content_type": null, "object_id": "2", "object_repr": "Package Siargao Island Surf & Nature Retreat Route Point 2: Surfing Lesson at Cloud 9", "action_flag": 3, "change_message": ""}}, {"model": "admin.logentry", "pk": 88, "fields": {"action_time": "2025-02-26T04:51:21.924Z", "user": 1, "content_type": null, "object_id": "1", "object_repr": "Package Siargao Island Surf & Nature Retreat Route Point 1: Arrival & Check-in", "action_flag": 3, "change_message": ""}}, {"model": "admin.logentry", "pk": 89, "fields": {"action_time": "2025-02-26T04:57:00.499Z", "user": 1, "content_type": null, "object_id": "1", "object_repr": "Package Surfing Adventure Package Route Point None: a", "action_flag": 1, "change_message": "[{\"added\": {}}]"}}, {"model": "admin.logentry", "pk": 90, "fields": {"action_time": "2025-02-26T04:57:04.929Z", "user": 1, "content_type": null, "object_id": "1", "object_repr": "Package Surfing Adventure Package Route Point None: a", "action_flag": 3, "change_message": ""}}, {"model": "admin.logentry", "pk": 91, "fields": {"action_time": "2025-02-26T04:57:29.599Z", "user": 1, "content_type": null, "object_id": "2", "object_repr": "Package Surfing Adventure Package Route Point 1: Arrival & Check-in", "action_flag": 1, "change_message": "[{\"added\": {}}]"}}, {"model": "admin.logentry", "pk": 92, "fields": {"action_time": "2025-02-26T04:57:56.068Z", "user": 1, "content_type": null, "object_id": "3", "object_repr": "Package Surfing Adventure Package Route Point 2: Surfing Lesson at Cloud 9", "action_flag": 1, "change_message": "[{\"added\": {}}]"}}, {"model": "admin.logentry", "pk": 93, "fields": {"action_time": "2025-02-26T04:58:48.678Z", "user": 1, "content_type": null, "object_id": "4", "object_repr": "Package Surfing Adventure Package Route Point 3: Sunset Beach Bonfire", "action_flag": 1, "change_message": "[{\"added\": {}}]"}}, {"model": "admin.logentry", "pk": 94, "fields": {"action_time": "2025-02-26T05:00:08.438Z", "user": 1, "content_type": null, "object_id": "5", "object_repr": "Package Island-Hopping & Lagoon Escape Route Point 1: Departure from General Luna", "action_flag": 1, "change_message": "[{\"added\": {}}]"}}, {"model": "admin.logentry", "pk": 95, "fields": {"action_time": "2025-02-26T05:00:41.220Z", "user": 1, "content_type": null, "object_id": "6", "object_repr": "Package Island-Hopping & Lagoon Escape Route Point 2: Sugba Lagoon Exploration", "action_flag": 1, "change_message": "[{\"added\": {}}]"}}, {"model": "admin.logentry", "pk": 96, "fields": {"action_time": "2025-02-26T05:01:15.136Z", "user": 1, "content_type": null, "object_id": "7", "object_repr": "Package Island-Hopping & Lagoon Escape Route Point 3: Lunch & Relaxation at Daku Island", "action_flag": 1, "change_message": "[{\"added\": {}}]"}}, {"model": "admin.logentry", "pk": 97, "fields": {"action_time": "2025-02-26T05:01:42.615Z", "user": 1, "content_type": null, "object_id": "8", "object_repr": "Package Siargao Relaxation & Wellness Retreat Route Point 1: Sunrise Yoga Session", "action_flag": 1, "change_message": "[{\"added\": {}}]"}}, {"model": "admin.logentry", "pk": 98, "fields": {"action_time": "2025-02-26T05:02:11.787Z", "user": 1, "content_type": null, "object_id": "9", "object_repr": "Package Siargao Relaxation & Wellness Retreat Route Point 2: raditional Hilot Massage", "action_flag": 1, "change_message": "[{\"added\": {}}]"}}, {"model": "admin.logentry", "pk": 99, "fields": {"action_time": "2025-02-26T05:02:52.496Z", "user": 1, "content_type": null, "object_id": "10", "object_repr": "Package Siargao Relaxation & Wellness Retreat Route Point 3: Sunset Coconut Drinks by the Shore", "action_flag": 1, "change_message": "[{\"added\": {}}]"}}, {"model": "admin.logentry", "pk": 100, "fields": {"action_time": "2025-02-26T05:06:29.343Z", "user": 1, "content_type": null, "object_id": "1", "object_repr": "Tax: 0.0%, Site Fees: 0.0", "action_flag": 1, "change_message": "[{\"added\": {}}]"}}, {"model": "admin.logentry", "pk": 101, "fields": {"action_time": "2025-02-26T05:06:34.082Z", "user": 1, "content_type": null, "object_id": "1", "object_repr": "Tax: 0.00%, Site Fees: 0.00", "action_flag": 3, "change_message": ""}}, {"model": "admin.logentry", "pk": 102, "fields": {"action_time": "2025-02-26T05:08:16.170Z", "user": 1, "content_type": null, "object_id": "2", "object_repr": "Tax: 12.0%, Site Fees: 20.0", "action_flag": 1, "change_message": "[{\"added\": {}}]"}}, {"model": "admin.logentry", "pk": 103, "fields": {"action_time": "2025-02-26T09:08:32.478Z", "user": 1, "content_type": null, "object_id": "8", "object_repr": "City: Cebu City", "action_flag": 2, "change_message": "[{\"changed\": {\"fields\": [\"Description\"]}}]"}}, {"model": "admin.logentry", "pk": 104, "fields": {"action_time": "2025-02-26T09:08:44.008Z", "user": 1, "content_type": null, "object_id": "7", "object_repr": "City: Cagayan de Oro", "action_flag": 2, "change_message": "[{\"changed\": {\"fields\": [\"Description\"]}}]"}}, {"model": "admin.logentry", "pk": 105, "fields": {"action_time": "2025-02-26T09:08:48.392Z", "user": 1, "content_type": null, "object_id": "6", "object_repr": "City: Manila", "action_flag": 2, "change_message": "[{\"changed\": {\"fields\": [\"Description\"]}}]"}}, {"model": "admin.logentry", "pk": 106, "fields": {"action_time": "2025-02-26T09:08:52.775Z", "user": 1, "content_type": null, "object_id": "5", "object_repr": "City: New York City", "action_flag": 2, "change_message": "[{\"changed\": {\"fields\": [\"Description\"]}}]"}}, {"model": "admin.logentry", "pk": 107, "fields": {"action_time": "2025-02-26T09:08:56.246Z", "user": 1, "content_type": null, "object_id": "4", "object_repr": "City: Toronto", "action_flag": 2, "change_message": "[{\"changed\": {\"fields\": [\"Description\"]}}]"}}, {"model": "admin.logentry", "pk": 108, "fields": {"action_time": "2025-02-26T09:09:04.166Z", "user": 1, "content_type": null, "object_id": "3", "object_repr": "City: Paris", "action_flag": 2, "change_message": "[{\"changed\": {\"fields\": [\"Description\"]}}]"}}, {"model": "admin.logentry", "pk": 109, "fields": {"action_time": "2025-02-26T09:09:07.772Z", "user": 1, "content_type": null, "object_id": "2", "object_repr": "City: Tokyo", "action_flag": 2, "change_message": "[{\"changed\": {\"fields\": [\"Description\"]}}]"}}, {"model": "admin.logentry", "pk": 110, "fields": {"action_time": "2025-02-26T09:09:10.693Z", "user": 1, "content_type": null, "object_id": "1", "object_repr": "City: London", "action_flag": 2, "change_message": "[{\"changed\": {\"fields\": [\"Description\"]}}]"}}, {"model": "admin.logentry", "pk": 111, "fields": {"action_time": "2025-02-26T09:10:47.935Z", "user": 1, "content_type": null, "object_id": "1", "object_repr": "Siargao", "action_flag": 2, "change_message": "[{\"changed\": {\"fields\": [\"Description\"]}}]"}}, {"model": "admin.logentry", "pk": 112, "fields": {"action_time": "2025-02-26T09:10:56.332Z", "user": 1, "content_type": null, "object_id": "9", "object_repr": "Sydney Opera House", "action_flag": 2, "change_message": "[{\"changed\": {\"fields\": [\"Description\"]}}]"}}, {"model": "admin.logentry", "pk": 113, "fields": {"action_time": "2025-02-26T09:11:07.341Z", "user": 1, "content_type": null, "object_id": "8", "object_repr": "Grand Canyon", "action_flag": 2, "change_message": "[{\"changed\": {\"fields\": [\"Description\"]}}]"}}, {"model": "admin.logentry", "pk": 114, "fields": {"action_time": "2025-02-26T09:11:13.859Z", "user": 1, "content_type": null, "object_id": "7", "object_repr": "Niagara Falls", "action_flag": 2, "change_message": "[{\"changed\": {\"fields\": [\"Description\"]}}]"}}, {"model": "admin.logentry", "pk": 115, "fields": {"action_time": "2025-02-26T09:11:21.020Z", "user": 1, "content_type": null, "object_id": "6", "object_repr": "Louvre Museum", "action_flag": 2, "change_message": "[{\"changed\": {\"fields\": [\"Description\"]}}]"}}, {"model": "admin.logentry", "pk": 116, "fields": {"action_time": "2025-02-26T09:11:27.914Z", "user": 1, "content_type": null, "object_id": "5", "object_repr": "Chocolate Hills", "action_flag": 2, "change_message": "[{\"changed\": {\"fields\": [\"Description\"]}}]"}}, {"model": "admin.logentry", "pk": 117, "fields": {"action_time": "2025-02-26T09:11:41.296Z", "user": 1, "content_type": null, "object_id": "4", "object_repr": "Mount Fuji", "action_flag": 2, "change_message": "[{\"changed\": {\"fields\": [\"Description\"]}}]"}}, {"model": "admin.logentry", "pk": 118, "fields": {"action_time": "2025-02-26T09:11:46.201Z", "user": 1, "content_type": null, "object_id": "3", "object_repr": "Palawan", "action_flag": 2, "change_message": "[{\"changed\": {\"fields\": [\"Description\"]}}]"}}, {"model": "admin.logentry", "pk": 119, "fields": {"action_time": "2025-02-26T09:12:05.295Z", "user": 1, "content_type": null, "object_id": "2", "object_repr": "Banaue", "action_flag": 2, "change_message": "[{\"changed\": {\"fields\": [\"Description\"]}}]"}}, {"model": "admin.logentry", "pk": 120, "fields": {"action_time": "2025-02-26T09:12:08.192Z", "user": 1, "content_type": null, "object_id": "1", "object_repr": "Siargao", "action_flag": 2, "change_message": "[]"}}, {"model": "admin.logentry", "pk": 121, "fields": {"action_time": "2025-02-28T04:47:40.277Z", "user": 1, "content_type": null, "object_id": "2", "object_repr": "Package: Banaue Rice Terraces Heritage Tour", "action_flag": 1, "change_message": "[{\"added\": {}}]"}}, {"model": "admin.logentry", "pk": 122, "fields": {"action_time": "2025-02-28T04:48:25.444Z", "user": 1, "content_type": null, "object_id": "3", "object_repr": "Package: Palawan Island Paradise", "action_flag": 1, "change_message": "[{\"added\": {}}]"}}, {"model": "admin.logentry", "pk": 123, "fields": {"action_time": "2025-02-28T04:48:55.060Z", "user": 1, "content_type": null, "object_id": "3", "object_repr": "Package: Palawan Island Paradise", "action_flag": 2, "change_message": "[{\"changed\": {\"fields\": [\"Currency\"]}}]"}}, {"model": "admin.logentry", "pk": 124, "fields": {"action_time": "2025-02-28T04:48:58.212Z", "user": 1, "content_type": null, "object_id": "2", "object_repr": "Package: Banaue Rice Terraces Heritage Tour", "action_flag": 2, "change_message": "[{\"changed\": {\"fields\": [\"Currency\"]}}]"}}, {"model": "admin.logentry", "pk": 125, "fields": {"action_time": "2025-02-28T04:49:00.563Z", "user": 1, "content_type": null, "object_id": "1", "object_repr": "Package: Siargao Island Surf & Nature Retreat", "action_flag": 2, "change_message": "[{\"changed\": {\"fields\": [\"Currency\"]}}]"}}, {"model": "admin.logentry", "pk": 126, "fields": {"action_time": "2025-02-28T04:50:14.035Z", "user": 1, "content_type": null, "object_id": "3", "object_repr": "Package: Palawan Island Paradise", "action_flag": 2, "change_message": "[]"}}, {"model": "admin.logentry", "pk": 127, "fields": {"action_time": "2025-02-28T04:50:29.979Z", "user": 1, "content_type": null, "object_id": "4", "object_repr": "Package: Mount Fuji Climbing Expedition", "action_flag": 1, "change_message": "[{\"added\": {}}]"}}, {"model": "admin.logentry", "pk": 128, "fields": {"action_time": "2025-02-28T04:50:42.360Z", "user": 1, "content_type": null, "object_id": "5", "object_repr": "Package: Bohols Chocolate Hills Adventure", "action_flag": 1, "change_message": "[{\"added\": {}}]"}}, {"model": "admin.logentry", "pk": 129, "fields": {"action_time": "2025-02-28T04:51:04.448Z", "user": 1, "content_type": null, "object_id": "6", "object_repr": "Package: Niagara Falls Majestic Getaway", "action_flag": 1, "change_message": "[{\"added\": {}}]"}}, {"model": "admin.logentry", "pk": 130, "fields": {"action_time": "2025-02-28T04:51:23.095Z", "user": 1, "content_type": null, "object_id": "7", "object_repr": "Package: Sydney Opera House & City Escape", "action_flag": 1, "change_message": "[{\"added\": {}}]"}}, {"model": "admin.logentry", "pk": 131, "fields": {"action_time": "2025-02-28T04:51:47.939Z", "user": 1, "content_type": null, "object_id": "8", "object_repr": "Package: Grand Canyon Adventure Trek", "action_flag": 1, "change_message": "[{\"added\": {}}]"}}, {"model": "admin.logentry", "pk": 132, "fields": {"action_time": "2025-02-28T04:57:42.472Z", "user": 1, "content_type": null, "object_id": "7", "object_repr": "Package Image for package Banaue Rice Terraces Heritage Tour", "action_flag": 1, "change_message": "[{\"added\": {}}]"}}, {"model": "admin.logentry", "pk": 133, "fields": {"action_time": "2025-02-28T04:57:51.931Z", "user": 1, "content_type": null, "object_id": "8", "object_repr": "Package Image for package Palawan Island Paradise", "action_flag": 1, "change_message": "[{\"added\": {}}]"}}, {"model": "admin.logentry", "pk": 134, "fields": {"action_time": "2025-02-28T04:58:01.018Z", "user": 1, "content_type": null, "object_id": "9", "object_repr": "Package Image for package Mount Fuji Climbing Expedition", "action_flag": 1, "change_message": "[{\"added\": {}}]"}}, {"model": "admin.logentry", "pk": 135, "fields": {"action_time": "2025-02-28T04:58:07.360Z", "user": 1, "content_type": null, "object_id": "10", "object_repr": "Package Image for package Bohols Chocolate Hills Adventure", "action_flag": 1, "change_message": "[{\"added\": {}}]"}}, {"model": "admin.logentry", "pk": 136, "fields": {"action_time": "2025-02-28T04:58:13.355Z", "user": 1, "content_type": null, "object_id": "11", "object_repr": "Package Image for package Niagara Falls Majestic Getaway", "action_flag": 1, "change_message": "[{\"added\": {}}]"}}, {"model": "admin.logentry", "pk": 137, "fields": {"action_time": "2025-02-28T04:58:20.095Z", "user": 1, "content_type": null, "object_id": "12", "object_repr": "Package Image for package Sydney Opera House & City Escape", "action_flag": 1, "change_message": "[{\"added\": {}}]"}}, {"model": "admin.logentry", "pk": 138, "fields": {"action_time": "2025-02-28T04:58:25.959Z", "user": 1, "content_type": null, "object_id": "13", "object_repr": "Package Image for package Grand Canyon Adventure Trek", "action_flag": 1, "change_message": "[{\"added\": {}}]"}}, {"model": "admin.logentry", "pk": 139, "fields": {"action_time": "2025-02-28T06:08:39.724Z", "user": 1, "content_type": null, "object_id": "8", "object_repr": "Package: Grand Canyon Adventure Trek", "action_flag": 2, "change_message": "[{\"changed\": {\"fields\": [\"Start date\", \"End date\"]}}]"}}, {"model": "admin.logentry", "pk": 140, "fields": {"action_time": "2025-02-28T06:09:00.425Z", "user": 1, "content_type": null, "object_id": "7", "object_repr": "Package: Sydney Opera House & City Escape", "action_flag": 2, "change_message": "[{\"changed\": {\"fields\": [\"Start date\", \"End date\"]}}]"}}, {"model": "admin.logentry", "pk": 141, "fields": {"action_time": "2025-02-28T06:09:21.136Z", "user": 1, "content_type": null, "object_id": "6", "object_repr": "Package: Niagara Falls Majestic Getaway", "action_flag": 2, "change_message": "[{\"changed\": {\"fields\": [\"Start date\", \"End date\"]}}]"}}, {"model": "admin.logentry", "pk": 142, "fields": {"action_time": "2025-02-28T06:10:40.552Z", "user": 1, "content_type": null, "object_id": "5", "object_repr": "Package: Bohols Chocolate Hills Adventure", "action_flag": 2, "change_message": "[{\"changed\": {\"fields\": [\"Start date\", \"End date\"]}}]"}}, {"model": "admin.logentry", "pk": 143, "fields": {"action_time": "2025-02-28T06:10:53.359Z", "user": 1, "content_type": null, "object_id": "4", "object_repr": "Package: Mount Fuji Climbing Expedition", "action_flag": 2, "change_message": "[{\"changed\": {\"fields\": [\"Start date\", \"End date\"]}}]"}}, {"model": "admin.logentry", "pk": 144, "fields": {"action_time": "2025-02-28T06:11:19.676Z", "user": 1, "content_type": null, "object_id": "3", "object_repr": "Package: Palawan Island Paradise", "action_flag": 2, "change_message": "[{\"changed\": {\"fields\": [\"Start date\", \"End date\"]}}]"}}, {"model": "admin.logentry", "pk": 145, "fields": {"action_time": "2025-02-28T06:11:23.010Z", "user": 1, "content_type": null, "object_id": "3", "object_repr": "Package: Palawan Island Paradise", "action_flag": 2, "change_message": "[]"}}, {"model": "admin.logentry", "pk": 146, "fields": {"action_time": "2025-02-28T06:11:50.489Z", "user": 1, "content_type": null, "object_id": "2", "object_repr": "Package: Banaue Rice Terraces Heritage Tour", "action_flag": 2, "change_message": "[{\"changed\": {\"fields\": [\"Start date\", \"End date\"]}}]"}}, {"model": "admin.logentry", "pk": 147, "fields": {"action_time": "2025-02-28T06:12:10.519Z", "user": 1, "content_type": null, "object_id": "1", "object_repr": "Package: Siargao Island Surf & Nature Retreat", "action_flag": 2, "change_message": "[{\"changed\": {\"fields\": [\"Start date\", \"End date\"]}}]"}}, {"model": "admin.logentry", "pk": 148, "fields": {"action_time": "2025-02-28T14:41:18.171Z", "user": 1, "content_type": null, "object_id": "14", "object_repr": "Traditional Ifugao hut stay", "action_flag": 1, "change_message": "[{\"added\": {}}]"}}, {"model": "admin.logentry", "pk": 149, "fields": {"action_time": "2025-02-28T14:41:47.628Z", "user": 1, "content_type": null, "object_id": "15", "object_repr": "community interaction", "action_flag": 1, "change_message": "[{\"added\": {}}]"}}, {"model": "admin.logentry", "pk": 150, "fields": {"action_time": "2025-02-28T14:49:00.542Z", "user": 1, "content_type": null, "object_id": "3", "object_repr": "Package Type: Siargao Relaxation & Wellness Retreat", "action_flag": 2, "change_message": "[]"}}, {"model": "admin.logentry", "pk": 151, "fields": {"action_time": "2025-02-28T14:49:40.563Z", "user": 1, "content_type": null, "object_id": "4", "object_repr": "Package Type: Cultural Explorer", "action_flag": 1, "change_message": "[{\"added\": {}}]"}}, {"model": "admin.logentry", "pk": 152, "fields": {"action_time": "2025-02-28T14:50:00.263Z", "user": 1, "content_type": null, "object_id": "5", "object_repr": "Package Type: Comfort Trekker", "action_flag": 1, "change_message": "[{\"added\": {}}]"}}, {"model": "admin.logentry", "pk": 153, "fields": {"action_time": "2025-02-28T14:50:17.116Z", "user": 1, "content_type": null, "object_id": "6", "object_repr": "Package Type: Backpackers Island Escape", "action_flag": 1, "change_message": "[{\"added\": {}}]"}}, {"model": "admin.logentry", "pk": 154, "fields": {"action_time": "2025-02-28T14:50:30.117Z", "user": 1, "content_type": null, "object_id": "7", "object_repr": "Package Type: Luxury Seaside Getaway", "action_flag": 1, "change_message": "[{\"added\": {}}]"}}, {"model": "admin.logentry", "pk": 155, "fields": {"action_time": "2025-02-28T14:50:45.761Z", "user": 1, "content_type": null, "object_id": "8", "object_repr": "Package Type: Hikers Challenge", "action_flag": 1, "change_message": "[{\"added\": {}}]"}}, {"model": "admin.logentry", "pk": 156, "fields": {"action_time": "2025-02-28T14:50:59.322Z", "user": 1, "content_type": null, "object_id": "9", "object_repr": "Package Type: Mount Fuji Climbing Expedition", "action_flag": 1, "change_message": "[{\"added\": {}}]"}}, {"model": "admin.logentry", "pk": 157, "fields": {"action_time": "2025-02-28T14:51:19.017Z", "user": 1, "content_type": null, "object_id": "10", "object_repr": "Package Type: Grand Canyon Adventure Trek", "action_flag": 1, "change_message": "[{\"added\": {}}]"}}, {"model": "admin.logentry", "pk": 158, "fields": {"action_time": "2025-02-28T14:51:41.685Z", "user": 1, "content_type": null, "object_id": "11", "object_repr": "Package Type: Deluxe Canyon Retreat", "action_flag": 1, "change_message": "[{\"added\": {}}]"}}, {"model": "admin.logentry", "pk": 159, "fields": {"action_time": "2025-02-28T14:51:50.614Z", "user": 1, "content_type": null, "object_id": "10", "object_repr": "Package Type: Adventurers Camp", "action_flag": 2, "change_message": "[{\"changed\": {\"fields\": [\"Name\"]}}]"}}, {"model": "admin.logentry", "pk": 160, "fields": {"action_time": "2025-02-28T14:54:50.671Z", "user": 1, "content_type": null, "object_id": "3", "object_repr": "Package Type: Relaxation & Wellness Retreat", "action_flag": 2, "change_message": "[{\"changed\": {\"fields\": [\"Name\"]}}]"}}, {"model": "admin.logentry", "pk": 161, "fields": {"action_time": "2025-02-28T14:54:54.487Z", "user": 1, "content_type": null, "object_id": "1", "object_repr": "Package Type: Surfing Adventure Package", "action_flag": 3, "change_message": ""}}, {"model": "admin.logentry", "pk": 162, "fields": {"action_time": "2025-02-28T14:54:56.890Z", "user": 1, "content_type": null, "object_id": "2", "object_repr": "Package Type: Island-Hopping & Lagoon Escape", "action_flag": 2, "change_message": "[]"}}, {"model": "admin.logentry", "pk": 163, "fields": {"action_time": "2025-02-28T14:54:59.139Z", "user": 1, "content_type": null, "object_id": "9", "object_repr": "Package Type: Mount Fuji Climbing Expedition", "action_flag": 2, "change_message": "[]"}}, {"model": "admin.logentry", "pk": 164, "fields": {"action_time": "2025-02-28T14:59:00.942Z", "user": 1, "content_type": null, "object_id": "12", "object_repr": "Package: Sydney Opera House & City Escape, Package Type: City Explorer", "action_flag": 1, "change_message": "[{\"added\": {}}]"}}, {"model": "admin.logentry", "pk": 165, "fields": {"action_time": "2025-02-28T14:59:18.649Z", "user": 1, "content_type": null, "object_id": "13", "object_repr": "Package: Sydney Opera House & City Escape, Package Type: Luxury Harbour Experience", "action_flag": 1, "change_message": "[{\"added\": {}}]"}}, {"model": "admin.logentry", "pk": 166, "fields": {"action_time": "2025-02-28T14:59:44.646Z", "user": 1, "content_type": null, "object_id": "7", "object_repr": "Package: Palawan Island Paradise, Package Type: Luxury Seaside Getaway", "action_flag": 2, "change_message": "[{\"changed\": {\"fields\": [\"Package\"]}}]"}}, {"model": "admin.logentry", "pk": 167, "fields": {"action_time": "2025-02-28T15:01:56.212Z", "user": 1, "content_type": null, "object_id": "14", "object_repr": "Package: Bohols Chocolate Hills Adventure, Package Type: Thrill Seekers Ride", "action_flag": 1, "change_message": "[{\"added\": {}}]"}}, {"model": "admin.logentry", "pk": 168, "fields": {"action_time": "2025-02-28T15:02:31.731Z", "user": 1, "content_type": null, "object_id": "15", "object_repr": "Package: Bohols Chocolate Hills Adventure, Package Type: Nature & Culture Escape", "action_flag": 1, "change_message": "[{\"added\": {}}]"}}, {"model": "admin.logentry", "pk": 169, "fields": {"action_time": "2025-02-28T15:02:53.382Z", "user": 1, "content_type": null, "object_id": "16", "object_repr": "Package: Niagara Falls Majestic Getaway, Package Type: Falls Explorer Package", "action_flag": 1, "change_message": "[{\"added\": {}}]"}}, {"model": "admin.logentry", "pk": 170, "fields": {"action_time": "2025-02-28T15:03:08.293Z", "user": 1, "content_type": null, "object_id": "17", "object_repr": "Package: Niagara Falls Majestic Getaway, Package Type: Luxury Falls Retreat", "action_flag": 1, "change_message": "[{\"added\": {}}]"}}, {"model": "admin.logentry", "pk": 171, "fields": {"action_time": "2025-02-28T15:05:22.254Z", "user": 1, "content_type": null, "object_id": "7", "object_repr": "Package: Sydney Opera House & City Escape", "action_flag": 2, "change_message": "[{\"changed\": {\"fields\": [\"Start date\"]}}]"}}, {"model": "admin.logentry", "pk": 172, "fields": {"action_time": "2025-02-28T16:10:23.625Z", "user": 1, "content_type": null, "object_id": "16", "object_repr": "Package type: Island-Hopping & Lagoon Escape, Amenity: Shared hostel stay", "action_flag": 1, "change_message": "[{\"added\": {}}]"}}, {"model": "admin.logentry", "pk": 173, "fields": {"action_time": "2025-02-28T16:10:54.508Z", "user": 1, "content_type": null, "object_id": "16", "object_repr": "Package type: Island-Hopping & Lagoon Escape, Amenity: Shared hostel stay", "action_flag": 3, "change_message": ""}}, {"model": "admin.logentry", "pk": 174, "fields": {"action_time": "2025-02-28T16:11:25.416Z", "user": 1, "content_type": null, "object_id": "3", "object_repr": "Package: Siargao Island Surf & Nature Retreat, Package Type: Budget Surfers Delight", "action_flag": 2, "change_message": "[{\"changed\": {\"fields\": [\"Name\", \"Price per person\", \"Description\"]}}]"}}, {"model": "admin.logentry", "pk": 175, "fields": {"action_time": "2025-02-28T16:11:42.849Z", "user": 1, "content_type": null, "object_id": "2", "object_repr": "Package: Siargao Island Surf & Nature Retreat, Package Type: Luxury Beachfront Retreat", "action_flag": 2, "change_message": "[{\"changed\": {\"fields\": [\"Name\", \"Price per person\", \"Description\"]}}]"}}, {"model": "admin.logentry", "pk": 176, "fields": {"action_time": "2025-02-28T16:12:33.899Z", "user": 1, "content_type": null, "object_id": "17", "object_repr": "Package type: Budget Surfers Delight, Amenity: Shared hostel stay", "action_flag": 1, "change_message": "[{\"added\": {}}]"}}, {"model": "admin.logentry", "pk": 177, "fields": {"action_time": "2025-02-28T16:12:49.520Z", "user": 1, "content_type": null, "object_id": "18", "object_repr": "Package type: Budget Surfers Delight, Amenity: Beginner surf lessons", "action_flag": 1, "change_message": "[{\"added\": {}}]"}}, {"model": "admin.logentry", "pk": 178, "fields": {"action_time": "2025-02-28T16:13:02.890Z", "user": 1, "content_type": null, "object_id": "19", "object_repr": "Package type: Luxury Beachfront Retreat, Amenity: Private beachfront villa", "action_flag": 1, "change_message": "[{\"added\": {}}]"}}, {"model": "admin.logentry", "pk": 179, "fields": {"action_time": "2025-02-28T16:13:12.051Z", "user": 1, "content_type": null, "object_id": "20", "object_repr": "Package type: Luxury Beachfront Retreat, Amenity: Personal tour guide", "action_flag": 1, "change_message": "[{\"added\": {}}]"}}, {"model": "admin.logentry", "pk": 180, "fields": {"action_time": "2025-02-28T16:14:58.300Z", "user": 1, "content_type": null, "object_id": "9", "object_repr": "Package Budget Surfers Delight Route Point 2: raditional Hilot Massage", "action_flag": 3, "change_message": ""}}, {"model": "admin.logentry", "pk": 181, "fields": {"action_time": "2025-02-28T16:15:02.702Z", "user": 1, "content_type": null, "object_id": "10", "object_repr": "Package Budget Surfers Delight Route Point 3: Sunset Coconut Drinks by the Shore", "action_flag": 3, "change_message": ""}}, {"model": "admin.logentry", "pk": 182, "fields": {"action_time": "2025-02-28T16:15:02.702Z", "user": 1, "content_type": null, "object_id": "8", "object_repr": "Package Budget Surfers Delight Route Point 1: Sunrise Yoga Session", "action_flag": 3, "change_message": ""}}, {"model": "admin.logentry", "pk": 183, "fields": {"action_time": "2025-02-28T16:15:02.702Z", "user": 1, "content_type": null, "object_id": "7", "object_repr": "Package Luxury Beachfront Retreat Route Point 3: Lunch & Relaxation at Daku Island", "action_flag": 3, "change_message": ""}}, {"model": "admin.logentry", "pk": 184, "fields": {"action_time": "2025-02-28T16:15:02.702Z", "user": 1, "content_type": null, "object_id": "6", "object_repr": "Package Luxury Beachfront Retreat Route Point 2: Sugba Lagoon Exploration", "action_flag": 3, "change_message": ""}}, {"model": "admin.logentry", "pk": 185, "fields": {"action_time": "2025-02-28T16:15:02.702Z", "user": 1, "content_type": null, "object_id": "5", "object_repr": "Package Luxury Beachfront Retreat Route Point 1: Departure from General Luna", "action_flag": 3, "change_message": ""}}, {"model": "admin.logentry", "pk": 186, "fields": {"action_time": "2025-02-28T16:16:32.014Z", "user": 1, "content_type": null, "object_id": "11", "object_repr": "Package Budget Surfers Delight Route Point 1: Cloud 9 Surfing Spot", "action_flag": 1, "change_message": "[{\"added\": {}}]"}}, {"model": "admin.logentry", "pk": 187, "fields": {"action_time": "2025-02-28T16:17:15.825Z", "user": 1, "content_type": null, "object_id": "12", "object_repr": "Package Budget Surfers Delight Route Point 1: Magpupungko Rock Pools", "action_flag": 1, "change_message": "[{\"added\": {}}]"}}, {"model": "admin.logentry", "pk": 188, "fields": {"action_time": "2025-02-28T16:17:54.908Z", "user": 1, "content_type": null, "object_id": "13", "object_repr": "Package Budget Surfers Delight Route Point 1: Siargao Night Market", "action_flag": 1, "change_message": "[{\"added\": {}}]"}}, {"model": "admin.logentry", "pk": 189, "fields": {"action_time": "2025-02-28T16:18:27.962Z", "user": 1, "content_type": null, "object_id": "14", "object_repr": "Package Luxury Beachfront Retreat Route Point 1: Sugba Lagoon", "action_flag": 1, "change_message": "[{\"added\": {}}]"}}, {"model": "admin.logentry", "pk": 190, "fields": {"action_time": "2025-02-28T16:18:56.627Z", "user": 1, "content_type": null, "object_id": "15", "object_repr": "Package Luxury Beachfront Retreat Route Point 2: 1", "action_flag": 1, "change_message": "[{\"added\": {}}]"}}, {"model": "admin.logentry", "pk": 191, "fields": {"action_time": "2025-02-28T16:19:05.415Z", "user": 1, "content_type": null, "object_id": "15", "object_repr": "Package Luxury Beachfront Retreat Route Point 2: Daku Island Private Beach", "action_flag": 2, "change_message": "[{\"changed\": {\"fields\": [\"Title\"]}}]"}}, {"model": "admin.logentry", "pk": 192, "fields": {"action_time": "2025-02-28T16:19:20.557Z", "user": 1, "content_type": null, "object_id": "12", "object_repr": "Package Budget Surfers Delight Route Point 2: Magpupungko Rock Pools", "action_flag": 2, "change_message": "[{\"changed\": {\"fields\": [\"Point number\"]}}]"}}, {"model": "admin.logentry", "pk": 193, "fields": {"action_time": "2025-02-28T16:19:32.564Z", "user": 1, "content_type": null, "object_id": "13", "object_repr": "Package Budget Surfers Delight Route Point 3: Siargao Night Market", "action_flag": 2, "change_message": "[{\"changed\": {\"fields\": [\"Point number\"]}}]"}}, {"model": "admin.logentry", "pk": 194, "fields": {"action_time": "2025-02-28T16:20:04.359Z", "user": 1, "content_type": null, "object_id": "16", "object_repr": "Package Luxury Beachfront Retreat Route Point 3: Sunset at Pacifico Beach", "action_flag": 1, "change_message": "[{\"added\": {}}]"}}, {"model": "admin.logentry", "pk": 195, "fields": {"action_time": "2025-03-01T06:26:10.125Z", "user": 1, "content_type": null, "object_id": "1", "object_repr": "Package Siargao Island Surf & Nature Retreat: Surfboard rentals ", "action_flag": 1, "change_message": "[{\"added\": {}}]"}}, {"model": "admin.logentry", "pk": 196, "fields": {"action_time": "2025-03-01T06:26:18.017Z", "user": 1, "content_type": null, "object_id": "2", "object_repr": "Package Siargao Island Surf & Nature Retreat: island-hopping tour ", "action_flag": 1, "change_message": "[{\"added\": {}}]"}}, {"model": "admin.logentry", "pk": 197, "fields": {"action_time": "2025-03-01T06:26:28.577Z", "user": 1, "content_type": null, "object_id": "3", "object_repr": "Package Siargao Island Surf & Nature Retreat: Beachfront accommodation ", "action_flag": 1, "change_message": "[{\"added\": {}}]"}}, {"model": "admin.logentry", "pk": 198, "fields": {"action_time": "2025-03-01T06:26:32.913Z", "user": 1, "content_type": null, "object_id": "2", "object_repr": "Package Siargao Island Surf & Nature Retreat: Island-hopping tour ", "action_flag": 2, "change_message": "[{\"changed\": {\"fields\": [\"Name\"]}}]"}}, {"model": "admin.logentry", "pk": 199, "fields": {"action_time": "2025-03-01T08:25:54.987Z", "user": 1, "content_type": null, "object_id": "2", "object_repr": "Customer customer Profile", "action_flag": 2, "change_message": "[{\"changed\": {\"fields\": [\"Date of birth\", \"Phone number\", \"Avatar\"]}}]"}}, {"model": "admin.logentry", "pk": 200, "fields": {"action_time": "2025-03-01T08:26:22.786Z", "user": 1, "content_type": null, "object_id": "13", "object_repr": "customer", "action_flag": 2, "change_message": "[]"}}, {"model": "admin.logentry", "pk": 201, "fields": {"action_time": "2025-03-01T11:23:49.814Z", "user": 1, "content_type": null, "object_id": "2", "object_repr": "Customer customer Profile", "action_flag": 2, "change_message": "[{\"changed\": {\"fields\": [\"Banner\"]}}]"}}, {"model": "admin.logentry", "pk": 202, "fields": {"action_time": "2025-03-01T12:36:05.641Z", "user": 1, "content_type": null, "object_id": "2", "object_repr": "Customer customer Profile", "action_flag": 2, "change_message": "[{\"changed\": {\"fields\": [\"Avatar\", \"Banner\"]}}]"}}, {"model": "admin.logentry", "pk": 203, "fields": {"action_time": "2025-03-01T13:06:43.182Z", "user": 1, "content_type": null, "object_id": "13", "object_repr": "Package Image for package Grand Canyon Adventure Trek", "action_flag": 2, "change_message": "[{\"changed\": {\"fields\": [\"Image\"]}}]"}}, {"model": "admin.logentry", "pk": 204, "fields": {"action_time": "2025-03-01T13:06:56.393Z", "user": 1, "content_type": null, "object_id": "12", "object_repr": "Package Image for package Sydney Opera House & City Escape", "action_flag": 2, "change_message": "[{\"changed\": {\"fields\": [\"Image\"]}}]"}}, {"model": "admin.logentry", "pk": 205, "fields": {"action_time": "2025-03-01T13:09:45.048Z", "user": 1, "content_type": null, "object_id": "13", "object_repr": "Package Image for package Grand Canyon Adventure Trek", "action_flag": 2, "change_message": "[{\"changed\": {\"fields\": [\"Image\"]}}]"}}, {"model": "admin.logentry", "pk": 206, "fields": {"action_time": "2025-03-01T13:09:50.568Z", "user": 1, "content_type": null, "object_id": "12", "object_repr": "Package Image for package Sydney Opera House & City Escape", "action_flag": 2, "change_message": "[{\"changed\": {\"fields\": [\"Image\"]}}]"}}, {"model": "admin.logentry", "pk": 207, "fields": {"action_time": "2025-03-01T13:09:54.330Z", "user": 1, "content_type": null, "object_id": "11", "object_repr": "Package Image for package Niagara Falls Majestic Getaway", "action_flag": 2, "change_message": "[{\"changed\": {\"fields\": [\"Image\"]}}]"}}, {"model": "admin.logentry", "pk": 208, "fields": {"action_time": "2025-03-01T13:09:58.783Z", "user": 1, "content_type": null, "object_id": "10", "object_repr": "Package Image for package Bohols Chocolate Hills Adventure", "action_flag": 2, "change_message": "[{\"changed\": {\"fields\": [\"Image\"]}}]"}}, {"model": "admin.logentry", "pk": 209, "fields": {"action_time": "2025-03-01T13:10:02.805Z", "user": 1, "content_type": null, "object_id": "9", "object_repr": "Package Image for package Mount Fuji Climbing Expedition", "action_flag": 2, "change_message": "[{\"changed\": {\"fields\": [\"Image\"]}}]"}}, {"model": "admin.logentry", "pk": 210, "fields": {"action_time": "2025-03-01T13:10:08.476Z", "user": 1, "content_type": null, "object_id": "8", "object_repr": "Package Image for package Palawan Island Paradise", "action_flag": 2, "change_message": "[{\"changed\": {\"fields\": [\"Image\"]}}]"}}, {"model": "admin.logentry", "pk": 211, "fields": {"action_time": "2025-03-01T13:10:13.582Z", "user": 1, "content_type": null, "object_id": "7", "object_repr": "Package Image for package Banaue Rice Terraces Heritage Tour", "action_flag": 2, "change_message": "[{\"changed\": {\"fields\": [\"Image\"]}}]"}}, {"model": "admin.logentry", "pk": 212, "fields": {"action_time": "2025-03-01T13:10:18.107Z", "user": 1, "content_type": null, "object_id": "6", "object_repr": "Package Image for package Siargao Island Surf & Nature Retreat", "action_flag": 2, "change_message": "[{\"changed\": {\"fields\": [\"Image\"]}}]"}}, {"model": "admin.logentry", "pk": 213, "fields": {"action_time": "2025-03-01T13:10:22.668Z", "user": 1, "content_type": null, "object_id": "5", "object_repr": "Package Image for package Siargao Island Surf & Nature Retreat", "action_flag": 2, "change_message": "[{\"changed\": {\"fields\": [\"Image\"]}}]"}}, {"model": "admin.logentry", "pk": 214, "fields": {"action_time": "2025-03-01T13:10:27.148Z", "user": 1, "content_type": null, "object_id": "5", "object_repr": "Package Image for package Siargao Island Surf & Nature Retreat", "action_flag": 2, "change_message": "[{\"changed\": {\"fields\": [\"Image\"]}}]"}}, {"model": "admin.logentry", "pk": 215, "fields": {"action_time": "2025-03-01T13:10:31.197Z", "user": 1, "content_type": null, "object_id": "4", "object_repr": "Package Image for package Siargao Island Surf & Nature Retreat", "action_flag": 2, "change_message": "[{\"changed\": {\"fields\": [\"Image\"]}}]"}}, {"model": "admin.logentry", "pk": 216, "fields": {"action_time": "2025-03-01T13:10:38.702Z", "user": 1, "content_type": null, "object_id": "3", "object_repr": "Package Image for package Siargao Island Surf & Nature Retreat", "action_flag": 3, "change_message": ""}}, {"model": "admin.logentry", "pk": 217, "fields": {"action_time": "2025-03-01T13:10:49.001Z", "user": 1, "content_type": null, "object_id": "8", "object_repr": "City: Cebu City", "action_flag": 2, "change_message": "[{\"changed\": {\"fields\": [\"Image\"]}}]"}}, {"model": "admin.logentry", "pk": 218, "fields": {"action_time": "2025-03-01T13:10:53.823Z", "user": 1, "content_type": null, "object_id": "7", "object_repr": "City: Cagayan de Oro", "action_flag": 2, "change_message": "[{\"changed\": {\"fields\": [\"Image\"]}}]"}}, {"model": "admin.logentry", "pk": 219, "fields": {"action_time": "2025-03-01T13:10:57.945Z", "user": 1, "content_type": null, "object_id": "6", "object_repr": "City: Manila", "action_flag": 2, "change_message": "[{\"changed\": {\"fields\": [\"Image\"]}}]"}}, {"model": "admin.logentry", "pk": 220, "fields": {"action_time": "2025-03-01T13:11:03.338Z", "user": 1, "content_type": null, "object_id": "5", "object_repr": "City: New York City", "action_flag": 2, "change_message": "[{\"changed\": {\"fields\": [\"Image\"]}}]"}}, {"model": "admin.logentry", "pk": 221, "fields": {"action_time": "2025-03-01T13:11:07.665Z", "user": 1, "content_type": null, "object_id": "4", "object_repr": "City: Toronto", "action_flag": 2, "change_message": "[{\"changed\": {\"fields\": [\"Image\"]}}]"}}, {"model": "admin.logentry", "pk": 222, "fields": {"action_time": "2025-03-01T13:11:11.841Z", "user": 1, "content_type": null, "object_id": "3", "object_repr": "City: Paris", "action_flag": 2, "change_message": "[{\"changed\": {\"fields\": [\"Image\"]}}]"}}, {"model": "admin.logentry", "pk": 223, "fields": {"action_time": "2025-03-01T13:11:15.833Z", "user": 1, "content_type": null, "object_id": "2", "object_repr": "City: Tokyo", "action_flag": 2, "change_message": "[{\"changed\": {\"fields\": [\"Image\"]}}]"}}, {"model": "admin.logentry", "pk": 224, "fields": {"action_time": "2025-03-01T13:11:20.532Z", "user": 1, "content_type": null, "object_id": "1", "object_repr": "City: London", "action_flag": 2, "change_message": "[{\"changed\": {\"fields\": [\"Image\"]}}]"}}, {"model": "admin.logentry", "pk": 225, "fields": {"action_time": "2025-03-01T13:11:31.499Z", "user": 1, "content_type": null, "object_id": "6", "object_repr": "Philippines", "action_flag": 2, "change_message": "[{\"changed\": {\"fields\": [\"Image\"]}}]"}}, {"model": "admin.logentry", "pk": 226, "fields": {"action_time": "2025-03-01T13:11:35.414Z", "user": 1, "content_type": null, "object_id": "5", "object_repr": "Japan", "action_flag": 2, "change_message": "[{\"changed\": {\"fields\": [\"Image\"]}}]"}}, {"model": "admin.logentry", "pk": 227, "fields": {"action_time": "2025-03-01T13:11:39.948Z", "user": 1, "content_type": null, "object_id": "4", "object_repr": "France", "action_flag": 2, "change_message": "[{\"changed\": {\"fields\": [\"Image\"]}}]"}}, {"model": "admin.logentry", "pk": 228, "fields": {"action_time": "2025-03-01T13:11:50.279Z", "user": 1, "content_type": null, "object_id": "3", "object_repr": "United Kingdom", "action_flag": 2, "change_message": "[{\"changed\": {\"fields\": [\"Image\"]}}]"}}, {"model": "admin.logentry", "pk": 229, "fields": {"action_time": "2025-03-01T13:11:53.755Z", "user": 1, "content_type": null, "object_id": "1", "object_repr": "United States", "action_flag": 2, "change_message": "[{\"changed\": {\"fields\": [\"Image\"]}}]"}}, {"model": "admin.logentry", "pk": 230, "fields": {"action_time": "2025-03-01T13:12:09.250Z", "user": 1, "content_type": null, "object_id": "2", "object_repr": "Canada", "action_flag": 2, "change_message": "[{\"changed\": {\"fields\": [\"Image\"]}}]"}}, {"model": "admin.logentry", "pk": 231, "fields": {"action_time": "2025-03-01T13:12:24.524Z", "user": 1, "content_type": null, "object_id": "9", "object_repr": "Sydney Opera House", "action_flag": 2, "change_message": "[{\"changed\": {\"fields\": [\"Image\"]}}]"}}, {"model": "admin.logentry", "pk": 232, "fields": {"action_time": "2025-03-01T13:12:27.867Z", "user": 1, "content_type": null, "object_id": "8", "object_repr": "Grand Canyon", "action_flag": 2, "change_message": "[{\"changed\": {\"fields\": [\"Image\"]}}]"}}, {"model": "admin.logentry", "pk": 233, "fields": {"action_time": "2025-03-01T13:12:31.963Z", "user": 1, "content_type": null, "object_id": "7", "object_repr": "Niagara Falls", "action_flag": 2, "change_message": "[{\"changed\": {\"fields\": [\"Image\"]}}]"}}, {"model": "admin.logentry", "pk": 234, "fields": {"action_time": "2025-03-01T13:12:36.977Z", "user": 1, "content_type": null, "object_id": "6", "object_repr": "Louvre Museum", "action_flag": 2, "change_message": "[{\"changed\": {\"fields\": [\"Image\"]}}]"}}, {"model": "admin.logentry", "pk": 235, "fields": {"action_time": "2025-03-01T13:12:41.435Z", "user": 1, "content_type": null, "object_id": "5", "object_repr": "Chocolate Hills", "action_flag": 2, "change_message": "[{\"changed\": {\"fields\": [\"Image\"]}}]"}}, {"model": "admin.logentry", "pk": 236, "fields": {"action_time": "2025-03-01T13:12:45.842Z", "user": 1, "content_type": null, "object_id": "4", "object_repr": "Mount Fuji", "action_flag": 2, "change_message": "[{\"changed\": {\"fields\": [\"Image\"]}}]"}}, {"model": "admin.logentry", "pk": 237, "fields": {"action_time": "2025-03-01T13:12:49.834Z", "user": 1, "content_type": null, "object_id": "3", "object_repr": "Palawan", "action_flag": 2, "change_message": "[{\"changed\": {\"fields\": [\"Image\"]}}]"}}, {"model": "admin.logentry", "pk": 238, "fields": {"action_time": "2025-03-01T13:12:53.353Z", "user": 1, "content_type": null, "object_id": "2", "object_repr": "Banaue", "action_flag": 2, "change_message": "[{\"changed\": {\"fields\": [\"Image\"]}}]"}}, {"model": "admin.logentry", "pk": 239, "fields": {"action_time": "2025-03-01T13:12:58.120Z", "user": 1, "content_type": null, "object_id": "1", "object_repr": "Siargao", "action_flag": 2, "change_message": "[{\"changed\": {\"fields\": [\"Image\"]}}]"}}, {"model": "admin.logentry", "pk": 240, "fields": {"action_time": "2025-03-01T13:13:25.806Z", "user": 1, "content_type": null, "object_id": "2", "object_repr": "Customer customer Profile", "action_flag": 2, "change_message": "[{\"changed\": {\"fields\": [\"Avatar\", \"Banner\"]}}]"}}, {"model": "admin.logentry", "pk": 241, "fields": {"action_time": "2025-03-01T13:59:56.284Z", "user": 1, "content_type": null, "object_id": "14", "object_repr": "Package Image for package Siargao Island Surf & Nature Retreat", "action_flag": 1, "change_message": "[{\"added\": {}}]"}}, {"model": "admin.logentry", "pk": 242, "fields": {"action_time": "2025-03-02T10:41:30.272Z", "user": 1, "content_type": null, "object_id": "2", "object_repr": "Customer customer Profile", "action_flag": 2, "change_message": "[{\"changed\": {\"fields\": [\"Avatar\", \"Banner\"]}}]"}}, {"model": "admin.logentry", "pk": 243, "fields": {"action_time": "2025-03-02T11:33:42.708Z", "user": 1, "content_type": null, "object_id": "2", "object_repr": "Customer customer Profile", "action_flag": 2, "change_message": "[{\"changed\": {\"fields\": [\"Banner\"]}}]"}}, {"model": "admin.logentry", "pk": 244, "fields": {"action_time": "2025-03-02T12:56:42.499Z", "user": 1, "content_type": null, "object_id": "13", "object_repr": "suisensei", "action_flag": 2, "change_message": "[{\"changed\": {\"fields\": [\"Username\"]}}]"}}, {"model": "admin.logentry", "pk": 245, "fields": {"action_time": "2025-03-02T12:58:46.869Z", "user": 1, "content_type": null, "object_id": "13", "object_repr": "jcrrrrrrr", "action_flag": 2, "change_message": "[{\"changed\": {\"fields\": [\"Username\"]}}]"}}, {"model": "admin.logentry", "pk": 246, "fields": {"action_time": "2025-03-02T13:01:31.155Z", "user": 1, "content_type": null, "object_id": "14", "object_repr": "suisensei", "action_flag": 3, "change_message": ""}}, {"model": "admin.logentry", "pk": 247, "fields": {"action_time": "2025-03-02T13:12:04.945Z", "user": 1, "content_type": null, "object_id": "3", "object_repr": "Customer suisensei Profile", "action_flag": 2, "change_message": "[{\"changed\": {\"fields\": [\"Gender\", \"Date of birth\", \"Phone number\", \"Avatar\", \"Banner\"]}}]"}}, {"model": "admin.logentry", "pk": 248, "fields": {"action_time": "2025-03-02T13:17:08.696Z", "user": 1, "content_type": null, "object_id": "1", "object_repr": "Links for suisensei", "action_flag": 1, "change_message": "[{\"added\": {}}]"}}, {"model": "admin.logentry", "pk": 249, "fields": {"action_time": "2025-03-06T12:46:44.211Z", "user": 1, "content_type": 41, "object_id": "2", "object_repr": "Booking id: 2", "action_flag": 3, "change_message": ""}}, {"model": "admin.logentry", "pk": 250, "fields": {"action_time": "2025-03-06T12:46:44.226Z", "user": 1, "content_type": 41, "object_id": "1", "object_repr": "Booking id: 1", "action_flag": 3, "change_message": ""}}, {"model": "admin.logentry", "pk": 251, "fields": {"action_time": "2025-03-06T12:53:08.038Z", "user": 1, "content_type": 41, "object_id": "3", "object_repr": "Booking id: 3", "action_flag": 3, "change_message": ""}}, {"model": "admin.logentry", "pk": 252, "fields": {"action_time": "2025-03-06T12:53:42.466Z", "user": 1, "content_type": 41, "object_id": "4", "object_repr": "Booking id: 4", "action_flag": 3, "change_message": ""}}, {"model": "admin.logentry", "pk": 253, "fields": {"action_time": "2025-03-06T13:00:59.890Z", "user": 1, "content_type": 41, "object_id": "7", "object_repr": "Booking id: 7", "action_flag": 3, "change_message": ""}}, {"model": "admin.logentry", "pk": 254, "fields": {"action_time": "2025-03-06T13:00:59.905Z", "user": 1, "content_type": 41, "object_id": "6", "object_repr": "Booking id: 6", "action_flag": 3, "change_message": ""}}, {"model": "admin.logentry", "pk": 255, "fields": {"action_time": "2025-03-06T13:00:59.918Z", "user": 1, "content_type": 41, "object_id": "5", "object_repr": "Booking id: 5", "action_flag": 3, "change_message": ""}}, {"model": "admin.logentry", "pk": 256, "fields": {"action_time": "2025-03-06T13:09:45.161Z", "user": 1, "content_type": 41, "object_id": "13", "object_repr": "Booking id: 13", "action_flag": 3, "change_message": ""}}, {"model": "admin.logentry", "pk": 257, "fields": {"action_time": "2025-03-06T13:09:45.166Z", "user": 1, "content_type": 41, "object_id": "12", "object_repr": "Booking id: 12", "action_flag": 3, "change_message": ""}}, {"model": "admin.logentry", "pk": 258, "fields": {"action_time": "2025-03-06T13:09:45.185Z", "user": 1, "content_type": 41, "object_id": "11", "object_repr": "Booking id: 11", "action_flag": 3, "change_message": ""}}, {"model": "admin.logentry", "pk": 259, "fields": {"action_time": "2025-03-06T13:09:45.196Z", "user": 1, "content_type": 41, "object_id": "10", "object_repr": "Booking id: 10", "action_flag": 3, "change_message": ""}}, {"model": "admin.logentry", "pk": 260, "fields": {"action_time": "2025-03-06T13:09:45.208Z", "user": 1, "content_type": 41, "object_id": "9", "object_repr": "Booking id: 9", "action_flag": 3, "change_message": ""}}, {"model": "admin.logentry", "pk": 261, "fields": {"action_time": "2025-03-06T13:09:45.220Z", "user": 1, "content_type": 41, "object_id": "8", "object_repr": "Booking id: 8", "action_flag": 3, "change_message": ""}}, {"model": "admin.logentry", "pk": 262, "fields": {"action_time": "2025-03-06T13:12:59.636Z", "user": 1, "content_type": 41, "object_id": "18", "object_repr": "Booking id: 18", "action_flag": 3, "change_message": ""}}, {"model": "admin.logentry", "pk": 263, "fields": {"action_time": "2025-03-06T13:12:59.647Z", "user": 1, "content_type": 41, "object_id": "17", "object_repr": "Booking id: 17", "action_flag": 3, "change_message": ""}}, {"model": "admin.logentry", "pk": 264, "fields": {"action_time": "2025-03-06T13:12:59.647Z", "user": 1, "content_type": 41, "object_id": "16", "object_repr": "Booking id: 16", "action_flag": 3, "change_message": ""}}, {"model": "admin.logentry", "pk": 265, "fields": {"action_time": "2025-03-06T13:12:59.672Z", "user": 1, "content_type": 41, "object_id": "15", "object_repr": "Booking id: 15", "action_flag": 3, "change_message": ""}}, {"model": "admin.logentry", "pk": 266, "fields": {"action_time": "2025-03-06T13:12:59.684Z", "user": 1, "content_type": 41, "object_id": "14", "object_repr": "Booking id: 14", "action_flag": 3, "change_message": ""}}, {"model": "admin.logentry", "pk": 267, "fields": {"action_time": "2025-03-06T13:17:59.296Z", "user": 1, "content_type": 41, "object_id": "21", "object_repr": "Booking id: 21", "action_flag": 3, "change_message": ""}}, {"model": "admin.logentry", "pk": 268, "fields": {"action_time": "2025-03-06T13:17:59.314Z", "user": 1, "content_type": 41, "object_id": "20", "object_repr": "Booking id: 20", "action_flag": 3, "change_message": ""}}, {"model": "admin.logentry", "pk": 269, "fields": {"action_time": "2025-03-06T13:17:59.326Z", "user": 1, "content_type": 41, "object_id": "19", "object_repr": "Booking id: 19", "action_flag": 3, "change_message": ""}}, {"model": "admin.logentry", "pk": 270, "fields": {"action_time": "2025-03-06T18:23:45.694Z", "user": 1, "content_type": 41, "object_id": "44", "object_repr": "Booking id: 44", "action_flag": 3, "change_message": ""}}, {"model": "admin.logentry", "pk": 271, "fields": {"action_time": "2025-03-06T18:23:45.708Z", "user": 1, "content_type": 41, "object_id": "43", "object_repr": "Booking id: 43", "action_flag": 3, "change_message": ""}}, {"model": "admin.logentry", "pk": 272, "fields": {"action_time": "2025-03-06T18:23:45.753Z", "user": 1, "content_type": 41, "object_id": "42", "object_repr": "Booking id: 42", "action_flag": 3, "change_message": ""}}, {"model": "admin.logentry", "pk": 273, "fields": {"action_time": "2025-03-06T18:23:45.765Z", "user": 1, "content_type": 41, "object_id": "41", "object_repr": "Booking id: 41", "action_flag": 3, "change_message": ""}}, {"model": "admin.logentry", "pk": 274, "fields": {"action_time": "2025-03-06T18:23:45.809Z", "user": 1, "content_type": 41, "object_id": "40", "object_repr": "Booking id: 40", "action_flag": 3, "change_message": ""}}, {"model": "admin.logentry", "pk": 275, "fields": {"action_time": "2025-03-06T18:23:45.821Z", "user": 1, "content_type": 41, "object_id": "39", "object_repr": "Booking id: 39", "action_flag": 3, "change_message": ""}}, {"model": "admin.logentry", "pk": 276, "fields": {"action_time": "2025-03-06T18:23:45.832Z", "user": 1, "content_type": 41, "object_id": "38", "object_repr": "Booking id: 38", "action_flag": 3, "change_message": ""}}, {"model": "admin.logentry", "pk": 277, "fields": {"action_time": "2025-03-06T18:23:45.837Z", "user": 1, "content_type": 41, "object_id": "37", "object_repr": "Booking id: 37", "action_flag": 3, "change_message": ""}}, {"model": "admin.logentry", "pk": 278, "fields": {"action_time": "2025-03-06T18:23:45.894Z", "user": 1, "content_type": 41, "object_id": "36", "object_repr": "Booking id: 36", "action_flag": 3, "change_message": ""}}, {"model": "admin.logentry", "pk": 279, "fields": {"action_time": "2025-03-06T18:23:45.907Z", "user": 1, "content_type": 41, "object_id": "35", "object_repr": "Booking id: 35", "action_flag": 3, "change_message": ""}}, {"model": "admin.logentry", "pk": 280, "fields": {"action_time": "2025-03-06T18:23:45.953Z", "user": 1, "content_type": 41, "object_id": "34", "object_repr": "Booking id: 34", "action_flag": 3, "change_message": ""}}, {"model": "admin.logentry", "pk": 281, "fields": {"action_time": "2025-03-06T18:23:45.965Z", "user": 1, "content_type": 41, "object_id": "33", "object_repr": "Booking id: 33", "action_flag": 3, "change_message": ""}}, {"model": "admin.logentry", "pk": 282, "fields": {"action_time": "2025-03-06T18:23:45.978Z", "user": 1, "content_type": 41, "object_id": "32", "object_repr": "Booking id: 32", "action_flag": 3, "change_message": ""}}, {"model": "admin.logentry", "pk": 283, "fields": {"action_time": "2025-03-06T18:23:46.019Z", "user": 1, "content_type": 41, "object_id": "31", "object_repr": "Booking id: 31", "action_flag": 3, "change_message": ""}}, {"model": "admin.logentry", "pk": 284, "fields": {"action_time": "2025-03-06T18:23:46.036Z", "user": 1, "content_type": 41, "object_id": "30", "object_repr": "Booking id: 30", "action_flag": 3, "change_message": ""}}, {"model": "admin.logentry", "pk": 285, "fields": {"action_time": "2025-03-06T18:23:46.048Z", "user": 1, "content_type": 41, "object_id": "29", "object_repr": "Booking id: 29", "action_flag": 3, "change_message": ""}}, {"model": "admin.logentry", "pk": 286, "fields": {"action_time": "2025-03-06T18:23:46.060Z", "user": 1, "content_type": 41, "object_id": "28", "object_repr": "Booking id: 28", "action_flag": 3, "change_message": ""}}, {"model": "admin.logentry", "pk": 287, "fields": {"action_time": "2025-03-06T18:23:46.068Z", "user": 1, "content_type": 41, "object_id": "27", "object_repr": "Booking id: 27", "action_flag": 3, "change_message": ""}}, {"model": "admin.logentry", "pk": 288, "fields": {"action_time": "2025-03-06T18:23:46.068Z", "user": 1, "content_type": 41, "object_id": "26", "object_repr": "Booking id: 26", "action_flag": 3, "change_message": ""}}, {"model": "admin.logentry", "pk": 289, "fields": {"action_time": "2025-03-06T18:23:46.086Z", "user": 1, "content_type": 41, "object_id": "25", "object_repr": "Booking id: 25", "action_flag": 3, "change_message": ""}}, {"model": "admin.logentry", "pk": 290, "fields": {"action_time": "2025-03-06T18:23:46.110Z", "user": 1, "content_type": 41, "object_id": "24", "object_repr": "Booking id: 24", "action_flag": 3, "change_message": ""}}, {"model": "admin.logentry", "pk": 291, "fields": {"action_time": "2025-03-06T18:23:46.122Z", "user": 1, "content_type": 41, "object_id": "23", "object_repr": "Booking id: 23", "action_flag": 3, "change_message": ""}}, {"model": "admin.logentry", "pk": 292, "fields": {"action_time": "2025-03-06T18:23:46.135Z", "user": 1, "content_type": 41, "object_id": "22", "object_repr": "Booking id: 22", "action_flag": 3, "change_message": ""}}, {"model": "admin.logentry", "pk": 293, "fields": {"action_time": "2025-03-06T18:23:55.754Z", "user": 1, "content_type": 43, "object_id": "1", "object_repr": "Transaction id: 1", "action_flag": 2, "change_message": "[]"}}, {"model": "admin.logentry", "pk": 294, "fields": {"action_time": "2025-03-07T14:07:35.603Z", "user": 1, "content_type": 41, "object_id": "47", "object_repr": "Booking id: 47", "action_flag": 3, "change_message": ""}}, {"model": "admin.logentry", "pk": 295, "fields": {"action_time": "2025-03-07T14:07:35.617Z", "user": 1, "content_type": 41, "object_id": "46", "object_repr": "Booking id: 46", "action_flag": 3, "change_message": ""}}, {"model": "admin.logentry", "pk": 296, "fields": {"action_time": "2025-03-07T14:09:14.827Z", "user": 1, "content_type": 41, "object_id": "48", "object_repr": "Booking id: 48", "action_flag": 3, "change_message": ""}}, {"model": "admin.logentry", "pk": 297, "fields": {"action_time": "2025-03-08T01:30:44.019Z", "user": 1, "content_type": 38, "object_id": "14", "object_repr": "Package Image for package Siargao Island Surf & Nature Retreat", "action_flag": 3, "change_message": ""}}, {"model": "admin.logentry", "pk": 298, "fields": {"action_time": "2025-03-08T01:30:44.031Z", "user": 1, "content_type": 38, "object_id": "13", "object_repr": "Package Image for package Grand Canyon Adventure Trek", "action_flag": 3, "change_message": ""}}, {"model": "admin.logentry", "pk": 299, "fields": {"action_time": "2025-03-08T01:30:44.031Z", "user": 1, "content_type": 38, "object_id": "12", "object_repr": "Package Image for package Sydney Opera House & City Escape", "action_flag": 3, "change_message": ""}}, {"model": "admin.logentry", "pk": 300, "fields": {"action_time": "2025-03-08T01:30:44.047Z", "user": 1, "content_type": 38, "object_id": "11", "object_repr": "Package Image for package Niagara Falls Majestic Getaway", "action_flag": 3, "change_message": ""}}, {"model": "admin.logentry", "pk": 301, "fields": {"action_time": "2025-03-08T01:30:44.064Z", "user": 1, "content_type": 38, "object_id": "10", "object_repr": "Package Image for package Bohols Chocolate Hills Adventure", "action_flag": 3, "change_message": ""}}, {"model": "admin.logentry", "pk": 302, "fields": {"action_time": "2025-03-08T01:30:44.081Z", "user": 1, "content_type": 38, "object_id": "9", "object_repr": "Package Image for package Mount Fuji Climbing Expedition", "action_flag": 3, "change_message": ""}}, {"model": "admin.logentry", "pk": 303, "fields": {"action_time": "2025-03-08T01:30:44.098Z", "user": 1, "content_type": 38, "object_id": "8", "object_repr": "Package Image for package Palawan Island Paradise", "action_flag": 3, "change_message": ""}}, {"model": "admin.logentry", "pk": 304, "fields": {"action_time": "2025-03-08T01:30:44.164Z", "user": 1, "content_type": 38, "object_id": "7", "object_repr": "Package Image for package Banaue Rice Terraces Heritage Tour", "action_flag": 3, "change_message": ""}}, {"model": "admin.logentry", "pk": 305, "fields": {"action_time": "2025-03-08T01:30:44.181Z", "user": 1, "content_type": 38, "object_id": "6", "object_repr": "Package Image for package Siargao Island Surf & Nature Retreat", "action_flag": 3, "change_message": ""}}, {"model": "admin.logentry", "pk": 306, "fields": {"action_time": "2025-03-08T01:30:44.181Z", "user": 1, "content_type": 38, "object_id": "5", "object_repr": "Package Image for package Siargao Island Surf & Nature Retreat", "action_flag": 3, "change_message": ""}}, {"model": "admin.logentry", "pk": 307, "fields": {"action_time": "2025-03-08T01:30:44.198Z", "user": 1, "content_type": 38, "object_id": "4", "object_repr": "Package Image for package Siargao Island Surf & Nature Retreat", "action_flag": 3, "change_message": ""}}, {"model": "admin.logentry", "pk": 308, "fields": {"action_time": "2025-03-08T01:31:08.109Z", "user": 1, "content_type": 38, "object_id": "15", "object_repr": "Package Image for package Siargao Island Surf & Nature Retreat", "action_flag": 1, "change_message": "[{\"added\": {}}]"}}, {"model": "admin.logentry", "pk": 309, "fields": {"action_time": "2025-03-08T01:31:42.657Z", "user": 1, "content_type": 38, "object_id": "16", "object_repr": "Package Image for package Siargao Island Surf & Nature Retreat", "action_flag": 1, "change_message": "[{\"added\": {}}]"}}, {"model": "admin.logentry", "pk": 310, "fields": {"action_time": "2025-03-08T01:31:49.894Z", "user": 1, "content_type": 38, "object_id": "17", "object_repr": "Package Image for package Siargao Island Surf & Nature Retreat", "action_flag": 1, "change_message": "[{\"added\": {}}]"}}, {"model": "admin.logentry", "pk": 311, "fields": {"action_time": "2025-03-08T01:31:58.057Z", "user": 1, "content_type": 38, "object_id": "18", "object_repr": "Package Image for package Siargao Island Surf & Nature Retreat", "action_flag": 1, "change_message": "[{\"added\": {}}]"}}, {"model": "admin.logentry", "pk": 312, "fields": {"action_time": "2025-03-08T01:32:17.787Z", "user": 1, "content_type": 38, "object_id": "19", "object_repr": "Package Image for package Siargao Island Surf & Nature Retreat", "action_flag": 1, "change_message": "[{\"added\": {}}]"}}, {"model": "admin.logentry", "pk": 313, "fields": {"action_time": "2025-03-08T01:32:27.658Z", "user": 1, "content_type": 38, "object_id": "20", "object_repr": "Package Image for package Banaue Rice Terraces Heritage Tour", "action_flag": 1, "change_message": "[{\"added\": {}}]"}}, {"model": "admin.logentry", "pk": 314, "fields": {"action_time": "2025-03-08T01:32:36.909Z", "user": 1, "content_type": 38, "object_id": "21", "object_repr": "Package Image for package Palawan Island Paradise", "action_flag": 1, "change_message": "[{\"added\": {}}]"}}, {"model": "admin.logentry", "pk": 315, "fields": {"action_time": "2025-03-08T01:32:50.156Z", "user": 1, "content_type": 38, "object_id": "22", "object_repr": "Package Image for package Mount Fuji Climbing Expedition", "action_flag": 1, "change_message": "[{\"added\": {}}]"}}, {"model": "admin.logentry", "pk": 316, "fields": {"action_time": "2025-03-08T01:32:57.014Z", "user": 1, "content_type": 38, "object_id": "23", "object_repr": "Package Image for package Bohols Chocolate Hills Adventure", "action_flag": 1, "change_message": "[{\"added\": {}}]"}}, {"model": "admin.logentry", "pk": 317, "fields": {"action_time": "2025-03-08T01:33:05.963Z", "user": 1, "content_type": 38, "object_id": "24", "object_repr": "Package Image for package Niagara Falls Majestic Getaway", "action_flag": 1, "change_message": "[{\"added\": {}}]"}}, {"model": "admin.logentry", "pk": 318, "fields": {"action_time": "2025-03-08T01:33:17.804Z", "user": 1, "content_type": 38, "object_id": "25", "object_repr": "Package Image for package Sydney Opera House & City Escape", "action_flag": 1, "change_message": "[{\"added\": {}}]"}}, {"model": "admin.logentry", "pk": 319, "fields": {"action_time": "2025-03-08T01:33:26.782Z", "user": 1, "content_type": 38, "object_id": "26", "object_repr": "Package Image for package Grand Canyon Adventure Trek", "action_flag": 1, "change_message": "[{\"added\": {}}]"}}, {"model": "admin.logentry", "pk": 320, "fields": {"action_time": "2025-03-08T01:47:07.074Z", "user": 1, "content_type": 32, "object_id": "9", "object_repr": "Sydney Opera House", "action_flag": 2, "change_message": "[{\"changed\": {\"fields\": [\"Region\", \"Country\", \"Image\"]}}]"}}, {"model": "admin.logentry", "pk": 321, "fields": {"action_time": "2025-03-08T01:47:26.312Z", "user": 1, "content_type": 32, "object_id": "8", "object_repr": "Grand Canyon", "action_flag": 2, "change_message": "[{\"changed\": {\"fields\": [\"Region\", \"Country\", \"Image\"]}}]"}}, {"model": "admin.logentry", "pk": 322, "fields": {"action_time": "2025-03-08T01:47:59.426Z", "user": 1, "content_type": 32, "object_id": "7", "object_repr": "Niagara Falls", "action_flag": 2, "change_message": "[{\"changed\": {\"fields\": [\"Region\", \"Country\", \"Image\"]}}]"}}, {"model": "admin.logentry", "pk": 323, "fields": {"action_time": "2025-03-08T01:48:13.500Z", "user": 1, "content_type": 32, "object_id": "6", "object_repr": "Louvre Museum", "action_flag": 2, "change_message": "[{\"changed\": {\"fields\": [\"Region\", \"Country\", \"Image\"]}}]"}}, {"model": "admin.logentry", "pk": 324, "fields": {"action_time": "2025-03-08T01:48:27.742Z", "user": 1, "content_type": 32, "object_id": "5", "object_repr": "Chocolate Hills", "action_flag": 2, "change_message": "[{\"changed\": {\"fields\": [\"Region\", \"Country\", \"Image\"]}}]"}}, {"model": "admin.logentry", "pk": 325, "fields": {"action_time": "2025-03-08T01:48:42.957Z", "user": 1, "content_type": 32, "object_id": "4", "object_repr": "Mount Fuji", "action_flag": 2, "change_message": "[{\"changed\": {\"fields\": [\"Region\", \"Country\", \"Image\"]}}]"}}, {"model": "admin.logentry", "pk": 326, "fields": {"action_time": "2025-03-08T01:48:56.518Z", "user": 1, "content_type": 32, "object_id": "3", "object_repr": "Palawan", "action_flag": 2, "change_message": "[{\"changed\": {\"fields\": [\"Region\", \"Country\", \"Image\"]}}]"}}, {"model": "admin.logentry", "pk": 327, "fields": {"action_time": "2025-03-08T01:49:16.006Z", "user": 1, "content_type": 32, "object_id": "2", "object_repr": "Banaue", "action_flag": 2, "change_message": "[{\"changed\": {\"fields\": [\"Region\", \"Country\", \"Image\"]}}]"}}, {"model": "admin.logentry", "pk": 328, "fields": {"action_time": "2025-03-08T01:49:30.365Z", "user": 1, "content_type": 32, "object_id": "1", "object_repr": "Siargao", "action_flag": 2, "change_message": "[{\"changed\": {\"fields\": [\"Region\", \"Country\", \"Image\"]}}]"}}, {"model": "admin.logentry", "pk": 329, "fields": {"action_time": "2025-03-08T01:54:45.740Z", "user": 1, "content_type": 47, "object_id": "3", "object_repr": "Customer suisensei Profile", "action_flag": 2, "change_message": "[{\"changed\": {\"fields\": [\"Image\", \"Image\"]}}]"}}, {"model": "admin.logentry", "pk": 330, "fields": {"action_time": "2025-03-08T01:55:05.363Z", "user": 1, "content_type": 47, "object_id": "2", "object_repr": "Customer jcrrrrrrr Profile", "action_flag": 2, "change_message": "[{\"changed\": {\"fields\": [\"Gender\"]}}]"}}, {"model": "admin.logentry", "pk": 331, "fields": {"action_time": "2025-03-08T13:45:58.058Z", "user": 1, "content_type": 41, "object_id": "54", "object_repr": "Booking id: 54", "action_flag": 3, "change_message": ""}}, {"model": "admin.logentry", "pk": 332, "fields": {"action_time": "2025-03-08T13:45:58.072Z", "user": 1, "content_type": 41, "object_id": "53", "object_repr": "Booking id: 53", "action_flag": 3, "change_message": ""}}, {"model": "admin.logentry", "pk": 333, "fields": {"action_time": "2025-03-08T13:45:58.084Z", "user": 1, "content_type": 41, "object_id": "52", "object_repr": "Booking id: 52", "action_flag": 3, "change_message": ""}}, {"model": "admin.logentry", "pk": 334, "fields": {"action_time": "2025-03-08T13:45:58.097Z", "user": 1, "content_type": 41, "object_id": "51", "object_repr": "Booking id: 51", "action_flag": 3, "change_message": ""}}, {"model": "admin.logentry", "pk": 335, "fields": {"action_time": "2025-03-08T13:45:58.134Z", "user": 1, "content_type": 41, "object_id": "50", "object_repr": "Booking id: 50", "action_flag": 3, "change_message": ""}}, {"model": "admin.logentry", "pk": 336, "fields": {"action_time": "2025-03-08T13:45:58.148Z", "user": 1, "content_type": 41, "object_id": "49", "object_repr": "Booking id: 49", "action_flag": 3, "change_message": ""}}, {"model": "admin.logentry", "pk": 337, "fields": {"action_time": "2025-03-09T01:02:46.379Z", "user": 1, "content_type": 42, "object_id": "1", "object_repr": "Package: Budget Surfers Delight, User: suisensei", "action_flag": 1, "change_message": "[{\"added\": {}}]"}}, {"model": "admin.logentry", "pk": 338, "fields": {"action_time": "2025-03-09T01:04:29.858Z", "user": 1, "content_type": 42, "object_id": "1", "object_repr": "Package: Budget Surfers Delight, User: suisensei", "action_flag": 2, "change_message": "[{\"changed\": {\"fields\": [\"Comment\"]}}]"}}, {"model": "admin.logentry", "pk": 339, "fields": {"action_time": "2025-03-09T01:04:52.984Z", "user": 1, "content_type": 42, "object_id": "2", "object_repr": "Package: Budget Surfers Delight, User: suisensei", "action_flag": 1, "change_message": "[{\"added\": {}}]"}}, {"model": "admin.logentry", "pk": 340, "fields": {"action_time": "2025-03-10T02:06:24.997Z", "user": 1, "content_type": 43, "object_id": "2", "object_repr": "Transaction id: 2", "action_flag": 3, "change_message": ""}}, {"model": "admin.logentry", "pk": 341, "fields": {"action_time": "2025-03-10T02:06:35.058Z", "user": 1, "content_type": 41, "object_id": "55", "object_repr": "Booking id: 55", "action_flag": 3, "change_message": ""}}, {"model": "admin.logentry", "pk": 342, "fields": {"action_time": "2025-03-10T03:26:55.562Z", "user": 1, "content_type": 34, "object_id": "8", "object_repr": "Package: Grand Canyon Adventure Trek", "action_flag": 2, "change_message": "[{\"changed\": {\"fields\": [\"End date\"]}}]"}}, {"model": "admin.logentry", "pk": 343, "fields": {"action_time": "2025-03-10T03:27:04.662Z", "user": 1, "content_type": 34, "object_id": "7", "object_repr": "Package: Sydney Opera House & City Escape", "action_flag": 2, "change_message": "[{\"changed\": {\"fields\": [\"End date\"]}}]"}}, {"model": "admin.logentry", "pk": 344, "fields": {"action_time": "2025-03-10T03:27:10.616Z", "user": 1, "content_type": 34, "object_id": "6", "object_repr": "Package: Niagara Falls Majestic Getaway", "action_flag": 2, "change_message": "[{\"changed\": {\"fields\": [\"End date\"]}}]"}}, {"model": "admin.logentry", "pk": 345, "fields": {"action_time": "2025-03-10T03:27:21.900Z", "user": 1, "content_type": 34, "object_id": "5", "object_repr": "Package: Bohols Chocolate Hills Adventure", "action_flag": 2, "change_message": "[{\"changed\": {\"fields\": [\"Start date\", \"End date\"]}}]"}}, {"model": "admin.logentry", "pk": 346, "fields": {"action_time": "2025-03-10T03:27:27.163Z", "user": 1, "content_type": 34, "object_id": "4", "object_repr": "Package: Mount Fuji Climbing Expedition", "action_flag": 2, "change_message": "[{\"changed\": {\"fields\": [\"End date\"]}}]"}}, {"model": "admin.logentry", "pk": 347, "fields": {"action_time": "2025-03-10T03:27:32.411Z", "user": 1, "content_type": 34, "object_id": "3", "object_repr": "Package: Palawan Island Paradise", "action_flag": 2, "change_message": "[{\"changed\": {\"fields\": [\"End date\"]}}]"}}, {"model": "admin.logentry", "pk": 348, "fields": {"action_time": "2025-03-10T03:27:37.146Z", "user": 1, "content_type": 34, "object_id": "2", "object_repr": "Package: Banaue Rice Terraces Heritage Tour", "action_flag": 2, "change_message": "[{\"changed\": {\"fields\": [\"End date\"]}}]"}}, {"model": "admin.logentry", "pk": 349, "fields": {"action_time": "2025-03-10T03:27:41.907Z", "user": 1, "content_type": 34, "object_id": "1", "object_repr": "Package: Siargao Island Surf & Nature Retreat", "action_flag": 2, "change_message": "[{\"changed\": {\"fields\": [\"End date\"]}}]"}}, {"model": "admin.logentry", "pk": 350, "fields": {"action_time": "2025-03-10T05:08:44.775Z", "user": 1, "content_type": 41, "object_id": "56", "object_repr": "Booking id: 56", "action_flag": 3, "change_message": ""}}, {"model": "admin.logentry", "pk": 351, "fields": {"action_time": "2025-03-10T05:08:44.786Z", "user": 1, "content_type": 41, "object_id": "45", "object_repr": "Booking id: 45", "action_flag": 3, "change_message": ""}}, {"model": "admin.logentry", "pk": 352, "fields": {"action_time": "2025-03-10T08:14:54.497Z", "user": 1, "content_type": 41, "object_id": "60", "object_repr": "Booking id: 60", "action_flag": 3, "change_message": ""}}, {"model": "admin.logentry", "pk": 353, "fields": {"action_time": "2025-03-10T08:14:54.508Z", "user": 1, "content_type": 41, "object_id": "59", "object_repr": "Booking id: 59", "action_flag": 3, "change_message": ""}}, {"model": "admin.logentry", "pk": 354, "fields": {"action_time": "2025-03-10T08:14:54.508Z", "user": 1, "content_type": 41, "object_id": "58", "object_repr": "Booking id: 58", "action_flag": 3, "change_message": ""}}, {"model": "admin.logentry", "pk": 355, "fields": {"action_time": "2025-03-10T08:14:54.524Z", "user": 1, "content_type": 41, "object_id": "57", "object_repr": "Booking id: 57", "action_flag": 3, "change_message": ""}}, {"model": "admin.logentry", "pk": 356, "fields": {"action_time": "2025-03-10T08:15:50.547Z", "user": 1, "content_type": 41, "object_id": "61", "object_repr": "Booking id: 61", "action_flag": 3, "change_message": ""}}, {"model": "admin.logentry", "pk": 357, "fields": {"action_time": "2025-03-10T08:22:14.382Z", "user": 1, "content_type": 41, "object_id": "64", "object_repr": "Booking id: 64", "action_flag": 3, "change_message": ""}}, {"model": "admin.logentry", "pk": 358, "fields": {"action_time": "2025-03-10T08:22:14.400Z", "user": 1, "content_type": 41, "object_id": "63", "object_repr": "Booking id: 63", "action_flag": 3, "change_message": ""}}, {"model": "admin.logentry", "pk": 359, "fields": {"action_time": "2025-03-10T08:22:14.415Z", "user": 1, "content_type": 41, "object_id": "62", "object_repr": "Booking id: 62", "action_flag": 3, "change_message": ""}}, {"model": "admin.logentry", "pk": 360, "fields": {"action_time": "2025-03-10T08:28:43.801Z", "user": 1, "content_type": 41, "object_id": "65", "object_repr": "Booking id: 65", "action_flag": 3, "change_message": ""}}, {"model": "admin.logentry", "pk": 361, "fields": {"action_time": "2025-03-10T08:44:46.765Z", "user": 1, "content_type": 41, "object_id": "71", "object_repr": "Booking id: 71", "action_flag": 3, "change_message": ""}}, {"model": "admin.logentry", "pk": 362, "fields": {"action_time": "2025-03-10T08:44:46.852Z", "user": 1, "content_type": 41, "object_id": "70", "object_repr": "Booking id: 70", "action_flag": 3, "change_message": ""}}, {"model": "admin.logentry", "pk": 363, "fields": {"action_time": "2025-03-10T08:44:46.863Z", "user": 1, "content_type": 41, "object_id": "69", "object_repr": "Booking id: 69", "action_flag": 3, "change_message": ""}}, {"model": "admin.logentry", "pk": 364, "fields": {"action_time": "2025-03-10T08:44:46.866Z", "user": 1, "content_type": 41, "object_id": "68", "object_repr": "Booking id: 68", "action_flag": 3, "change_message": ""}}, {"model": "admin.logentry", "pk": 365, "fields": {"action_time": "2025-03-10T08:44:46.886Z", "user": 1, "content_type": 41, "object_id": "67", "object_repr": "Booking id: 67", "action_flag": 3, "change_message": ""}}, {"model": "admin.logentry", "pk": 366, "fields": {"action_time": "2025-03-10T08:44:46.898Z", "user": 1, "content_type": 41, "object_id": "66", "object_repr": "Booking id: 66", "action_flag": 3, "change_message": ""}}, {"model": "admin.logentry", "pk": 367, "fields": {"action_time": "2025-03-10T12:06:40.870Z", "user": 1, "content_type": 41, "object_id": "75", "object_repr": "Booking id: 75", "action_flag": 3, "change_message": ""}}, {"model": "admin.logentry", "pk": 368, "fields": {"action_time": "2025-03-10T12:06:40.881Z", "user": 1, "content_type": 41, "object_id": "74", "object_repr": "Booking id: 74", "action_flag": 3, "change_message": ""}}, {"model": "admin.logentry", "pk": 369, "fields": {"action_time": "2025-03-10T12:07:31.892Z", "user": 1, "content_type": 41, "object_id": "76", "object_repr": "Booking id: 76", "action_flag": 3, "change_message": ""}}, {"model": "admin.logentry", "pk": 370, "fields": {"action_time": "2025-03-10T12:28:50.565Z", "user": 1, "content_type": 41, "object_id": "77", "object_repr": "Booking id: 77", "action_flag": 3, "change_message": ""}}, {"model": "admin.logentry", "pk": 371, "fields": {"action_time": "2025-03-10T12:32:27.750Z", "user": 1, "content_type": 41, "object_id": "78", "object_repr": "Booking id: 78", "action_flag": 3, "change_message": ""}}, {"model": "admin.logentry", "pk": 372, "fields": {"action_time": "2025-03-10T12:34:04.383Z", "user": 1, "content_type": 41, "object_id": "79", "object_repr": "Booking id: 79", "action_flag": 3, "change_message": ""}}, {"model": "admin.logentry", "pk": 373, "fields": {"action_time": "2025-03-10T12:36:00.223Z", "user": 1, "content_type": 41, "object_id": "80", "object_repr": "Booking id: 80", "action_flag": 3, "change_message": ""}}, {"model": "admin.logentry", "pk": 374, "fields": {"action_time": "2025-03-10T12:40:04.765Z", "user": 1, "content_type": 41, "object_id": "81", "object_repr": "Booking id: 81", "action_flag": 3, "change_message": ""}}, {"model": "admin.logentry", "pk": 375, "fields": {"action_time": "2025-03-10T12:42:29.023Z", "user": 1, "content_type": 41, "object_id": "82", "object_repr": "Booking id: 82", "action_flag": 3, "change_message": ""}}, {"model": "admin.logentry", "pk": 376, "fields": {"action_time": "2025-03-10T12:57:39.806Z", "user": 1, "content_type": 41, "object_id": "83", "object_repr": "Booking id: 83", "action_flag": 3, "change_message": ""}}, {"model": "admin.logentry", "pk": 377, "fields": {"action_time": "2025-03-10T13:16:35.097Z", "user": 1, "content_type": 41, "object_id": "84", "object_repr": "Booking id: 84", "action_flag": 3, "change_message": ""}}, {"model": "admin.logentry", "pk": 378, "fields": {"action_time": "2025-03-10T20:52:27.436Z", "user": 1, "content_type": 42, "object_id": "3", "object_repr": "Package: Budget Surfers Delight, User: suisensei", "action_flag": 3, "change_message": ""}}, {"model": "admin.logentry", "pk": 379, "fields": {"action_time": "2025-03-10T20:54:02.171Z", "user": 1, "content_type": 42, "object_id": "4", "object_repr": "Package: Budget Surfers Delight, User: suisensei", "action_flag": 3, "change_message": ""}}, {"model": "admin.logentry", "pk": 380, "fields": {"action_time": "2025-03-10T20:56:59.009Z", "user": 1, "content_type": 42, "object_id": "5", "object_repr": "Package: Budget Surfers Delight, User: suisensei", "action_flag": 3, "change_message": ""}}, {"model": "admin.logentry", "pk": 381, "fields": {"action_time": "2025-03-10T23:10:59.898Z", "user": 1, "content_type": 42, "object_id": "7", "object_repr": "Package: Cultural Explorer, User: suisensei", "action_flag": 3, "change_message": ""}}, {"model": "admin.logentry", "pk": 382, "fields": {"action_time": "2025-03-10T23:28:05.031Z", "user": 1, "content_type": 41, "object_id": "99", "object_repr": "Booking id: 99", "action_flag": 3, "change_message": ""}}, {"model": "auth.permission", "pk": 101, "fields": {"name": "Can add log entry", "content_type": 25, "codename": "add_logentry"}}, {"model": "auth.permission", "pk": 102, "fields": {"name": "Can change log entry", "content_type": 25, "codename": "change_logentry"}}, {"model": "auth.permission", "pk": 103, "fields": {"name": "Can delete log entry", "content_type": 25, "codename": "delete_logentry"}}, {"model": "auth.permission", "pk": 104, "fields": {"name": "Can view log entry", "content_type": 25, "codename": "view_logentry"}}, {"model": "auth.permission", "pk": 105, "fields": {"name": "Can add permission", "content_type": 26, "codename": "add_permission"}}, {"model": "auth.permission", "pk": 106, "fields": {"name": "Can change permission", "content_type": 26, "codename": "change_permission"}}, {"model": "auth.permission", "pk": 107, "fields": {"name": "Can delete permission", "content_type": 26, "codename": "delete_permission"}}, {"model": "auth.permission", "pk": 108, "fields": {"name": "Can view permission", "content_type": 26, "codename": "view_permission"}}, {"model": "auth.permission", "pk": 109, "fields": {"name": "Can add group", "content_type": 27, "codename": "add_group"}}, {"model": "auth.permission", "pk": 110, "fields": {"name": "Can change group", "content_type": 27, "codename": "change_group"}}, {"model": "auth.permission", "pk": 111, "fields": {"name": "Can delete group", "content_type": 27, "codename": "delete_group"}}, {"model": "auth.permission", "pk": 112, "fields": {"name": "Can view group", "content_type": 27, "codename": "view_group"}}, {"model": "auth.permission", "pk": 113, "fields": {"name": "Can add content type", "content_type": 28, "codename": "add_contenttype"}}, {"model": "auth.permission", "pk": 114, "fields": {"name": "Can change content type", "content_type": 28, "codename": "change_contenttype"}}, {"model": "auth.permission", "pk": 115, "fields": {"name": "Can delete content type", "content_type": 28, "codename": "delete_contenttype"}}, {"model": "auth.permission", "pk": 116, "fields": {"name": "Can view content type", "content_type": 28, "codename": "view_contenttype"}}, {"model": "auth.permission", "pk": 117, "fields": {"name": "Can add session", "content_type": 29, "codename": "add_session"}}, {"model": "auth.permission", "pk": 118, "fields": {"name": "Can change session", "content_type": 29, "codename": "change_session"}}, {"model": "auth.permission", "pk": 119, "fields": {"name": "Can delete session", "content_type": 29, "codename": "delete_session"}}, {"model": "auth.permission", "pk": 120, "fields": {"name": "Can view session", "content_type": 29, "codename": "view_session"}}, {"model": "auth.permission", "pk": 121, "fields": {"name": "Can add country", "content_type": 30, "codename": "add_country"}}, {"model": "auth.permission", "pk": 122, "fields": {"name": "Can change country", "content_type": 30, "codename": "change_country"}}, {"model": "auth.permission", "pk": 123, "fields": {"name": "Can delete country", "content_type": 30, "codename": "delete_country"}}, {"model": "auth.permission", "pk": 124, "fields": {"name": "Can view country", "content_type": 30, "codename": "view_country"}}, {"model": "auth.permission", "pk": 125, "fields": {"name": "Can add destination type", "content_type": 31, "codename": "add_destinationtype"}}, {"model": "auth.permission", "pk": 126, "fields": {"name": "Can change destination type", "content_type": 31, "codename": "change_destinationtype"}}, {"model": "auth.permission", "pk": 127, "fields": {"name": "Can delete destination type", "content_type": 31, "codename": "delete_destinationtype"}}, {"model": "auth.permission", "pk": 128, "fields": {"name": "Can view destination type", "content_type": 31, "codename": "view_destinationtype"}}, {"model": "auth.permission", "pk": 129, "fields": {"name": "Can add destination", "content_type": 32, "codename": "add_destination"}}, {"model": "auth.permission", "pk": 130, "fields": {"name": "Can change destination", "content_type": 32, "codename": "change_destination"}}, {"model": "auth.permission", "pk": 131, "fields": {"name": "Can delete destination", "content_type": 32, "codename": "delete_destination"}}, {"model": "auth.permission", "pk": 132, "fields": {"name": "Can view destination", "content_type": 32, "codename": "view_destination"}}, {"model": "auth.permission", "pk": 133, "fields": {"name": "Can add city", "content_type": 33, "codename": "add_city"}}, {"model": "auth.permission", "pk": 134, "fields": {"name": "Can change city", "content_type": 33, "codename": "change_city"}}, {"model": "auth.permission", "pk": 135, "fields": {"name": "Can delete city", "content_type": 33, "codename": "delete_city"}}, {"model": "auth.permission", "pk": 136, "fields": {"name": "Can view city", "content_type": 33, "codename": "view_city"}}, {"model": "auth.permission", "pk": 137, "fields": {"name": "Can add package", "content_type": 34, "codename": "add_package"}}, {"model": "auth.permission", "pk": 138, "fields": {"name": "Can change package", "content_type": 34, "codename": "change_package"}}, {"model": "auth.permission", "pk": 139, "fields": {"name": "Can delete package", "content_type": 34, "codename": "delete_package"}}, {"model": "auth.permission", "pk": 140, "fields": {"name": "Can view package", "content_type": 34, "codename": "view_package"}}, {"model": "auth.permission", "pk": 141, "fields": {"name": "Can add package type", "content_type": 35, "codename": "add_packagetype"}}, {"model": "auth.permission", "pk": 142, "fields": {"name": "Can change package type", "content_type": 35, "codename": "change_packagetype"}}, {"model": "auth.permission", "pk": 143, "fields": {"name": "Can delete package type", "content_type": 35, "codename": "delete_packagetype"}}, {"model": "auth.permission", "pk": 144, "fields": {"name": "Can view package type", "content_type": 35, "codename": "view_packagetype"}}, {"model": "auth.permission", "pk": 145, "fields": {"name": "Can add package type amenity", "content_type": 36, "codename": "add_packagetypeamenity"}}, {"model": "auth.permission", "pk": 146, "fields": {"name": "Can change package type amenity", "content_type": 36, "codename": "change_packagetypeamenity"}}, {"model": "auth.permission", "pk": 147, "fields": {"name": "Can delete package type amenity", "content_type": 36, "codename": "delete_packagetypeamenity"}}, {"model": "auth.permission", "pk": 148, "fields": {"name": "Can view package type amenity", "content_type": 36, "codename": "view_packagetypeamenity"}}, {"model": "auth.permission", "pk": 149, "fields": {"name": "Can add package route point", "content_type": 37, "codename": "add_packageroutepoint"}}, {"model": "auth.permission", "pk": 150, "fields": {"name": "Can change package route point", "content_type": 37, "codename": "change_packageroutepoint"}}, {"model": "auth.permission", "pk": 151, "fields": {"name": "Can delete package route point", "content_type": 37, "codename": "delete_packageroutepoint"}}, {"model": "auth.permission", "pk": 152, "fields": {"name": "Can view package route point", "content_type": 37, "codename": "view_packageroutepoint"}}, {"model": "auth.permission", "pk": 153, "fields": {"name": "Can add package image", "content_type": 38, "codename": "add_packageimage"}}, {"model": "auth.permission", "pk": 154, "fields": {"name": "Can change package image", "content_type": 38, "codename": "change_packageimage"}}, {"model": "auth.permission", "pk": 155, "fields": {"name": "Can delete package image", "content_type": 38, "codename": "delete_packageimage"}}, {"model": "auth.permission", "pk": 156, "fields": {"name": "Can view package image", "content_type": 38, "codename": "view_packageimage"}}, {"model": "auth.permission", "pk": 157, "fields": {"name": "Can add package amenity", "content_type": 39, "codename": "add_packageamenity"}}, {"model": "auth.permission", "pk": 158, "fields": {"name": "Can change package amenity", "content_type": 39, "codename": "change_packageamenity"}}, {"model": "auth.permission", "pk": 159, "fields": {"name": "Can delete package amenity", "content_type": 39, "codename": "delete_packageamenity"}}, {"model": "auth.permission", "pk": 160, "fields": {"name": "Can view package amenity", "content_type": 39, "codename": "view_packageamenity"}}, {"model": "auth.permission", "pk": 161, "fields": {"name": "Can add additional fees", "content_type": 40, "codename": "add_additionalfees"}}, {"model": "auth.permission", "pk": 162, "fields": {"name": "Can change additional fees", "content_type": 40, "codename": "change_additionalfees"}}, {"model": "auth.permission", "pk": 163, "fields": {"name": "Can delete additional fees", "content_type": 40, "codename": "delete_additionalfees"}}, {"model": "auth.permission", "pk": 164, "fields": {"name": "Can view additional fees", "content_type": 40, "codename": "view_additionalfees"}}, {"model": "auth.permission", "pk": 165, "fields": {"name": "Can add booking", "content_type": 41, "codename": "add_booking"}}, {"model": "auth.permission", "pk": 166, "fields": {"name": "Can change booking", "content_type": 41, "codename": "change_booking"}}, {"model": "auth.permission", "pk": 167, "fields": {"name": "Can delete booking", "content_type": 41, "codename": "delete_booking"}}, {"model": "auth.permission", "pk": 168, "fields": {"name": "Can view booking", "content_type": 41, "codename": "view_booking"}}, {"model": "auth.permission", "pk": 169, "fields": {"name": "Can add package review", "content_type": 42, "codename": "add_packagereview"}}, {"model": "auth.permission", "pk": 170, "fields": {"name": "Can change package review", "content_type": 42, "codename": "change_packagereview"}}, {"model": "auth.permission", "pk": 171, "fields": {"name": "Can delete package review", "content_type": 42, "codename": "delete_packagereview"}}, {"model": "auth.permission", "pk": 172, "fields": {"name": "Can view package review", "content_type": 42, "codename": "view_packagereview"}}, {"model": "auth.permission", "pk": 173, "fields": {"name": "Can add transaction", "content_type": 43, "codename": "add_transaction"}}, {"model": "auth.permission", "pk": 174, "fields": {"name": "Can change transaction", "content_type": 43, "codename": "change_transaction"}}, {"model": "auth.permission", "pk": 175, "fields": {"name": "Can delete transaction", "content_type": 43, "codename": "delete_transaction"}}, {"model": "auth.permission", "pk": 176, "fields": {"name": "Can view transaction", "content_type": 43, "codename": "view_transaction"}}, {"model": "auth.permission", "pk": 177, "fields": {"name": "Can add user", "content_type": 44, "codename": "add_user"}}, {"model": "auth.permission", "pk": 178, "fields": {"name": "Can change user", "content_type": 44, "codename": "change_user"}}, {"model": "auth.permission", "pk": 179, "fields": {"name": "Can delete user", "content_type": 44, "codename": "delete_user"}}, {"model": "auth.permission", "pk": 180, "fields": {"name": "Can view user", "content_type": 44, "codename": "view_user"}}, {"model": "auth.permission", "pk": 181, "fields": {"name": "Can add user profile links", "content_type": 45, "codename": "add_userprofilelinks"}}, {"model": "auth.permission", "pk": 182, "fields": {"name": "Can change user profile links", "content_type": 45, "codename": "change_userprofilelinks"}}, {"model": "auth.permission", "pk": 183, "fields": {"name": "Can delete user profile links", "content_type": 45, "codename": "delete_userprofilelinks"}}, {"model": "auth.permission", "pk": 184, "fields": {"name": "Can view user profile links", "content_type": 45, "codename": "view_userprofilelinks"}}, {"model": "auth.permission", "pk": 185, "fields": {"name": "Can add host profile", "content_type": 46, "codename": "add_hostprofile"}}, {"model": "auth.permission", "pk": 186, "fields": {"name": "Can change host profile", "content_type": 46, "codename": "change_hostprofile"}}, {"model": "auth.permission", "pk": 187, "fields": {"name": "Can delete host profile", "content_type": 46, "codename": "delete_hostprofile"}}, {"model": "auth.permission", "pk": 188, "fields": {"name": "Can view host profile", "content_type": 46, "codename": "view_hostprofile"}}, {"model": "auth.permission", "pk": 189, "fields": {"name": "Can add customer profile", "content_type": 47, "codename": "add_customerprofile"}}, {"model": "auth.permission", "pk": 190, "fields": {"name": "Can change customer profile", "content_type": 47, "codename": "change_customerprofile"}}, {"model": "auth.permission", "pk": 191, "fields": {"name": "Can delete customer profile", "content_type": 47, "codename": "delete_customerprofile"}}, {"model": "auth.permission", "pk": 192, "fields": {"name": "Can view customer profile", "content_type": 47, "codename": "view_customerprofile"}}, {"model": "contenttypes.contenttype", "pk": 25, "fields": {"app_label": "admin", "model": "logentry"}}, {"model": "contenttypes.contenttype", "pk": 26, "fields": {"app_label": "auth", "model": "permission"}}, {"model": "contenttypes.contenttype", "pk": 27, "fields": {"app_label": "auth", "model": "group"}}, {"model": "contenttypes.contenttype", "pk": 28, "fields": {"app_label": "contenttypes", "model": "contenttype"}}, {"model": "contenttypes.contenttype", "pk": 29, "fields": {"app_label": "sessions", "model": "session"}}, {"model": "contenttypes.contenttype", "pk": 30, "fields": {"app_label": "destinations", "model": "country"}}, {"model": "contenttypes.contenttype", "pk": 31, "fields": {"app_label": "destinations", "model": "destinationtype"}}, {"model": "contenttypes.contenttype", "pk": 32, "fields": {"app_label": "destinations", "model": "destination"}}, {"model": "contenttypes.contenttype", "pk": 33, "fields": {"app_label": "destinations", "model": "city"}}, {"model": "contenttypes.contenttype", "pk": 34, "fields": {"app_label": "packages", "model": "package"}}, {"model": "contenttypes.contenttype", "pk": 35, "fields": {"app_label": "packages", "model": "packagetype"}}, {"model": "contenttypes.contenttype", "pk": 36, "fields": {"app_label": "packages", "model": "packagetypeamenity"}}, {"model": "contenttypes.contenttype", "pk": 37, "fields": {"app_label": "packages", "model": "packageroutepoint"}}, {"model": "contenttypes.contenttype", "pk": 38, "fields": {"app_label": "packages", "model": "packageimage"}}, {"model": "contenttypes.contenttype", "pk": 39, "fields": {"app_label": "packages", "model": "packageamenity"}}, {"model": "contenttypes.contenttype", "pk": 40, "fields": {"app_label": "transactions", "model": "additionalfees"}}, {"model": "contenttypes.contenttype", "pk": 41, "fields": {"app_label": "transactions", "model": "booking"}}, {"model": "contenttypes.contenttype", "pk": 42, "fields": {"app_label": "transactions", "model": "packagereview"}}, {"model": "contenttypes.contenttype", "pk": 43, "fields": {"app_label": "transactions", "model": "transaction"}}, {"model": "contenttypes.contenttype", "pk": 44, "fields": {"app_label": "users", "model": "user"}}, {"model": "contenttypes.contenttype", "pk": 45, "fields": {"app_label": "users", "model": "userprofilelinks"}}, {"model": "contenttypes.contenttype", "pk": 46, "fields": {"app_label": "users", "model": "hostprofile"}}, {"model": "contenttypes.contenttype", "pk": 47, "fields": {"app_label": "users", "model": "customerprofile"}}, {"model": "sessions.session", "pk": "2bemcha2gb0sjbegh9hn4k7xytqzz5fj", "fields": {"session_data": ".eJxVjMEOwiAQRP-FsyEg3cB69O43kIXdStXQpLQn479Lkx70ODNv3ltF2tYStyZLnFhdlFWn3y5RfkrdB35Qvc86z3VdpqR3RB9r07eZ5XU92D9BoVb6WxhsPmfB0SFATygoo3dkLBjyDh2gN64LOQUTEg4CgUBwoNBxVp8v8XU4Tg:1tpmly:HUxcxbHglK5vUk8AgeFCL9UqFAUXI39E1f93EHesWE8", "expire_date": "2025-03-19T11:18:46.363Z"}}, {"model": "sessions.session", "pk": "74kwmdq0e6jw5gmy0jr8c8xqo1tjmdf3", "fields": {"session_data": ".eJxVjMsOwiAQAP-FsyFseerRu9_QwO4iVQNJaU_GfzckPeh1ZjJvMcd9K_PeeZ0XEhcB4vTLUsQn1yHoEeu9SWx1W5ckRyIP2-WtEb-uR_s3KLGXsTVgGa1PE0xOq-zIR-MCJMDEyhDqkDUa6xXmwCEjQnCkAydyZ6dZfL7WKzgG:1tn6xK:Fs4x7QyIPvCL82t8FL6m_DZ79zmRXpZYPxgAzevcelk", "expire_date": "2025-03-12T02:15:26.408Z"}}, {"model": "sessions.session", "pk": "prj7lpd1b9helk2jqqymsjhw64edvcf6", "fields": {"session_data": ".eJxVjDsOwjAQBe_iGlnxB38o6XMGa727xgHkSHFSIe4OkVJA-2bmvUSCba1p67ykicRFqLM4_Y4Z8MFtJ3SHdpslzm1dpix3RR60y3Emfl4P9--gQq_fGj0BakSnAjBbtpYGsE4NhnWEQp5jtlkxq2AoxOJzNKVorx0GRjTi_QE2Xjkv:1trmez:vwU9dhwnius2MzQTw1FTjsWBaMrQHFQeJ4xdSmJZ0Do", "expire_date": "2025-03-24T23:35:49.203Z"}}, {"model": "sessions.session", "pk": "ruf95ooic9rn8o1mw6xsgfs0n44b8il1", "fields": {"session_data": ".eJxVjMsOwiAQAP-FsyFseerRu9_QwO4iVQNJaU_GfzckPeh1ZjJvMcd9K_PeeZ0XEhcB4vTLUsQn1yHoEeu9SWx1W5ckRyIP2-WtEb-uR_s3KLGXsTVgGa1PE0xOq-zIR-MCJMDEyhDqkDUa6xXmwCEjQnCkAydyZ6dZfL7WKzgG:1tmpmd:5fitEOYr-xrhPvoAgMJbhVKVijZwqnGo1DHpcMdNJVU", "expire_date": "2025-03-11T07:55:15.211Z"}}, {"model": "sessions.session", "pk": "t346p0s7d39pca4izsch050wqmoy33pe", "fields": {"session_data": ".eJxVjEEOwiAQRe_C2hAKLTPj0r1naAYGpGpoUtqV8e7apAvd_vfef6mRt7WMW0vLOIk6q25Qp98xcHykuhO5c73NOs51Xaagd0UftOnrLOl5Ody_g8KtfGtGa0SYyRFY8gN5QDQZrRjTR0APRrrQO-KcMznAPguBoy4xirdevT_pVzdG:1tpMdp:Cd4s0zcTWtCBs7vSfGkPXxu-3kmUDB4ONQKOQXhN06Y", "expire_date": "2025-03-18T07:24:37.017Z"}}, {"model": "destinations.destination", "pk": 1, "fields": {"name": "Siargao", "region": "Surigao del Norte", "country": "Philippines", "description": "Known as the surfing capital of the Philippines.", "image": "image/upload/v1741398569/ama7dachu8zh8ureddvp.jpg", "location": "Surigao del Norte", "created": "2025-02-25T09:38:25.270Z", "modified": "2025-03-08T01:49:30.365Z"}}, {"model": "destinations.destination", "pk": 2, "fields": {"name": "Banaue", "region": "Ifugao", "country": "Philippines", "description": "A UNESCO heritage site, this highland destination showcases breathtaking landscapes and rich history.", "image": "image/upload/v1741398555/ngas19gx7qxrgrcpiiyj.jpg", "location": "Ifugao", "created": "2025-02-25T09:38:59.548Z", "modified": "2025-03-08T01:49:16.004Z"}}, {"model": "destinations.destination", "pk": 3, "fields": {"name": "Palawan", "region": "MIMAROPA", "country": "Philippines", "description": "Palawan is a tropical paradise with crystal-clear waters and diverse marine life.", "image": "image/upload/v1741398535/ckav8vgvrno0xe5yqzvb.jpg", "location": "Mimaropa Region", "created": "2025-02-25T09:39:32.471Z", "modified": "2025-03-08T01:48:56.516Z"}}, {"model": "destinations.destination", "pk": 4, "fields": {"name": "Mount Fuji", "region": "Honshu", "country": "Japan", "description": "Japans iconic snow-capped peak, a sacred site and a favorite for climbers and photographers.", "image": "image/upload/v1741398522/mw1n7vtpkvfdplwwjiri.jpg", "location": "Honshu", "created": "2025-02-25T09:40:32.754Z", "modified": "2025-03-08T01:48:42.956Z"}}, {"model": "destinations.destination", "pk": 5, "fields": {"name": "Chocolate Hills", "region": "Bohol", "country": "Philippines", "description": "Consists of over 1,000 cone-shaped hills that turn brown during the dry season.", "image": "image/upload/v1741398507/szo7v0johk1z0a1f2wcl.jpg", "location": "Bohol", "created": "2025-02-25T09:41:00.433Z", "modified": "2025-03-08T01:48:27.742Z"}}, {"model": "destinations.destination", "pk": 6, "fields": {"name": "Louvre Museum", "region": "le-de-France (Paris)", "country": "France", "description": "One of the world's most famous museums, a global center for art and history.", "image": "image/upload/v1741398492/x0kbkk53ku6cbnvoitzc.jpg", "location": "Paris, le-de-France", "created": "2025-02-25T09:41:57.097Z", "modified": "2025-03-08T01:48:13.500Z"}}, {"model": "destinations.destination", "pk": 7, "fields": {"name": "Niagara Falls", "region": "Border of Ontario and New York", "country": "Canada and United States", "description": "Niagara Falls offers breathtaking views and boat tours near the cascading waters.", "image": "image/upload/v1741398478/j9detjwoildd5jupzjko.jpg", "location": "Border of Ontario & New York", "created": "2025-02-25T09:43:16.413Z", "modified": "2025-03-08T01:47:59.424Z"}}, {"model": "destinations.destination", "pk": 8, "fields": {"name": "Grand Canyon", "region": "Arizona", "country": "United States", "description": "One of the worlds most spectacular mountain landscapes.", "image": "image/upload/v1741398445/xuchwz1vp95r8qnjrt0v.jpg", "location": "Arizona", "created": "2025-02-25T09:44:57.402Z", "modified": "2025-03-08T01:47:26.311Z"}}, {"model": "destinations.destination", "pk": 9, "fields": {"name": "Sydney Opera House", "region": "New South Wales", "country": "Australia", "description": "A world-famous architectural marvel.", "image": "image/upload/v1741398426/ypmazym4pxmmnsag09qt.jpg", "location": "Sydney, New South Wales", "created": "2025-02-25T09:45:30.014Z", "modified": "2025-03-08T01:47:07.074Z"}}, {"model": "packages.package", "pk": 1, "fields": {"name": "Siargao Island Surf & Nature Retreat", "description": "Escape to the surfing capital of the Philippines and ride the world-famous Cloud 9 waves. Beyond the surf, explore Siargaos stunning lagoons, secret beaches, and palm tree-lined roads. This package includes a guided island-hopping tour, visits to Sugba Lagoon and Magpupungko Rock Pools, and a taste of Siargaos laid-back nightlife. Perfect for both thrill-seekers and nature lovers.", "host": 12, "destination": 1, "address": "General Luna, Siargao Island, Surigao del Norte, Philippines", "start_date": "2025-03-02T04:00:00Z", "end_date": "2025-03-29T10:00:00Z", "created": "2025-02-26T02:23:02.781Z", "modified": "2025-03-10T03:27:41.905Z"}}, {"model": "packages.package", "pk": 2, "fields": {"name": "Banaue Rice Terraces Heritage Tour", "description": "Discover the breathtaking beauty of the Banaue Rice Terraces, a UNESCO World Heritage Site and one of the greatest engineering marvels of ancient times. Immerse yourself in the rich culture of the Ifugao people as you explore the centuries-old terraces carved into the mountains. Visit the Batad and Bangaan viewpoints for panoramic views of the lush green landscape. Enjoy a cultural experience by staying in an Ifugao hut and witnessing traditional dances. Hike through the scenic trails and take in the fresh mountain air for an unforgettable nature retreat.", "host": 12, "destination": 2, "address": "Banaue, Ifugao, Philippines", "start_date": "2025-02-28T04:00:00Z", "end_date": "2025-03-30T10:00:00Z", "created": "2025-02-28T04:47:39.947Z", "modified": "2025-03-10T03:27:37.145Z"}}, {"model": "packages.package", "pk": 3, "fields": {"name": "Palawan Island Paradise", "description": "Palawan, known as the \"Last Frontier of the Philippines,\" is home to pristine beaches, crystal-clear lagoons, and breathtaking limestone cliffs. Explore the Underground River, a UNESCO World Heritage Site, and witness its stunning rock formations. Take a boat tour to El Nido's enchanting islands, where hidden lagoons and white-sand beaches await. Snorkel in the rich marine biodiversity of Corons Twin Lagoon and Kayangan Lake. Indulge in fresh seafood and relax in luxurious beach resorts for the ultimate island getaway.", "host": 12, "destination": 3, "address": "Palawan, Philippines", "start_date": "2025-03-12T04:00:00Z", "end_date": "2025-03-31T10:00:00Z", "created": "2025-02-28T04:48:25.430Z", "modified": "2025-03-10T03:27:32.409Z"}}, {"model": "packages.package", "pk": 4, "fields": {"name": "Mount Fuji Climbing Expedition", "description": "Embark on an unforgettable journey to Japans iconic Mount Fuji, the countrys highest and most picturesque peak. Experience the thrill of hiking along the Yoshida Trail and witness breathtaking sunrise views from the summit. Visit the Fuji Five Lakes region, where serene landscapes provide a perfect escape. Enjoy a relaxing dip in a traditional Japanese onsen (hot spring) after a long day of trekking. Capture postcard-perfect moments at Chureito Pagoda with Mount Fuji in the background.", "host": 12, "destination": 4, "address": "Mount Fuji, Honshu, Japan", "start_date": "2025-03-11T22:00:00Z", "end_date": "2025-03-31T10:00:00Z", "created": "2025-02-28T04:50:29.979Z", "modified": "2025-03-10T03:27:27.161Z"}}, {"model": "packages.package", "pk": 5, "fields": {"name": "Bohols Chocolate Hills Adventure", "description": "Witness one of the Philippines most unique natural wonders, the Chocolate Hills, a collection of over 1,200 cone-shaped hills. Explore the scenic viewpoints and marvel at the breathtaking panoramic landscape. Enjoy an exciting ATV ride through the Chocolate Hills Adventure Park. Cruise along the Loboc River while dining on delicious Filipino cuisine. Meet the worlds smallest primate, the tarsier, at a local sanctuary.", "host": 12, "destination": 5, "address": "Bohol, Philippines", "start_date": "2025-02-28T22:00:00Z", "end_date": "2025-05-31T10:00:00Z", "created": "2025-02-28T04:50:42.297Z", "modified": "2025-03-10T03:27:21.898Z"}}, {"model": "packages.package", "pk": 6, "fields": {"name": "Niagara Falls Majestic Getaway", "description": "Experience the thundering beauty of Niagara Falls, one of the most famous waterfalls in the world. Take a boat ride on the Maid of the Mist and feel the refreshing spray of the falls up close. Stroll along the Niagara Parkway for stunning views of Horseshoe Falls, American Falls, and Bridal Veil Falls. Visit the nearby Clifton Hill district for entertainment, dining, and attractions. End your trip with a scenic helicopter ride for a birds-eye view of the spectacular cascades.", "host": 12, "destination": 7, "address": "Niagara Falls, Ontario, Canada", "start_date": "2025-03-01T22:00:00Z", "end_date": "2025-04-30T10:00:00Z", "created": "2025-02-28T04:51:04.446Z", "modified": "2025-03-10T03:27:10.614Z"}}, {"model": "packages.package", "pk": 7, "fields": {"name": "Sydney Opera House & City Escape", "description": "Discover the vibrant city of Sydney, home to the iconic Sydney Opera House and the picturesque Sydney Harbour. Take a guided tour inside the Opera House and learn about its fascinating history and architecture. Stroll along the Sydney Harbour Bridge for stunning views of the city skyline. Explore the beautiful Bondi Beach and take a scenic coastal walk. Enjoy a sunset dinner cruise along the harbour for a magical end to your trip.", "host": 12, "destination": 9, "address": "Sydney, Australia", "start_date": "2025-02-01T22:00:00Z", "end_date": "2025-02-28T10:00:00Z", "created": "2025-02-28T04:51:23.092Z", "modified": "2025-03-10T03:27:04.660Z"}}, {"model": "packages.package", "pk": 8, "fields": {"name": "Grand Canyon Adventure Trek", "description": "Witness the awe-inspiring beauty of the Grand Canyon, one of the Seven Natural Wonders of the World. Hike along the South Rim and explore breathtaking viewpoints like Mather Point and Desert View. Experience a thrilling whitewater rafting trip along the Colorado River. Take a helicopter tour for a stunning aerial perspective of the canyons vast landscapes. Enjoy a night under the stars at a scenic camping site for an unforgettable adventure.", "host": 12, "destination": 8, "address": "Grand Canyon National Park, Arizona, USA", "start_date": "2025-02-09T22:00:00Z", "end_date": "2025-02-27T04:00:00Z", "created": "2025-02-28T04:51:47.938Z", "modified": "2025-03-10T03:26:55.561Z"}}, {"model": "packages.packageamenity", "pk": 1, "fields": {"package": 1, "name": "Surfboard rentals", "created": "2025-03-01T06:26:10.121Z", "modified": "2025-03-01T06:26:10.121Z"}}, {"model": "packages.packageamenity", "pk": 2, "fields": {"package": 1, "name": "Island-hopping tour", "created": "2025-03-01T06:26:18.014Z", "modified": "2025-03-01T06:26:32.909Z"}}, {"model": "packages.packageamenity", "pk": 3, "fields": {"package": 1, "name": "Beachfront accommodation", "created": "2025-03-01T06:26:28.573Z", "modified": "2025-03-01T06:26:28.573Z"}}, {"model": "packages.packageimage", "pk": 15, "fields": {"image": "image/upload/v1741397467/bzuqluemustljceifbm9.jpg", "created": "2025-03-08T01:31:07.949Z", "package": 1}}, {"model": "packages.packageimage", "pk": 16, "fields": {"image": "image/upload/v1741397502/tg9ttybrif1jh1ifumyd.jpg", "created": "2025-03-08T01:31:42.657Z", "package": 1}}, {"model": "packages.packageimage", "pk": 17, "fields": {"image": "image/upload/v1741397509/gjin24eph7zkszu3xd3t.jpg", "created": "2025-03-08T01:31:49.892Z", "package": 1}}, {"model": "packages.packageimage", "pk": 18, "fields": {"image": "image/upload/v1741397517/w4edfcih6joadpbgyavu.jpg", "created": "2025-03-08T01:31:58.056Z", "package": 1}}, {"model": "packages.packageimage", "pk": 19, "fields": {"image": "image/upload/v1741397537/r5i1xxvp8tyr2tamvubt.jpg", "created": "2025-03-08T01:32:17.786Z", "package": 1}}, {"model": "packages.packageimage", "pk": 20, "fields": {"image": "image/upload/v1741397547/viy6v69idxru1sn7dtv5.jpg", "created": "2025-03-08T01:32:27.658Z", "package": 2}}, {"model": "packages.packageimage", "pk": 21, "fields": {"image": "image/upload/v1741397556/swtyshp9vf0cro1ny5cz.jpg", "created": "2025-03-08T01:32:36.909Z", "package": 3}}, {"model": "packages.packageimage", "pk": 22, "fields": {"image": "image/upload/v1741397569/poskbmxpsrriafcwz9xe.jpg", "created": "2025-03-08T01:32:50.154Z", "package": 4}}, {"model": "packages.packageimage", "pk": 23, "fields": {"image": "image/upload/v1741397576/bqemppqepq6jx0ucg5af.jpg", "created": "2025-03-08T01:32:57.013Z", "package": 5}}, {"model": "packages.packageimage", "pk": 24, "fields": {"image": "image/upload/v1741397585/bixmh1wzeyix4ztquxhu.jpg", "created": "2025-03-08T01:33:05.963Z", "package": 6}}, {"model": "packages.packageimage", "pk": 25, "fields": {"image": "image/upload/v1741397597/xkmpqk2czgettlseasvl.jpg", "created": "2025-03-08T01:33:17.803Z", "package": 7}}, {"model": "packages.packageimage", "pk": 26, "fields": {"image": "image/upload/v1741397606/hzq3o4wyk6amql7pqlrc.jpg", "created": "2025-03-08T01:33:26.781Z", "package": 8}}, {"model": "packages.packagetype", "pk": 2, "fields": {"name": "Luxury Beachfront Retreat", "price_per_person": "25000.00", "package": 1, "description": "A premium experience for travelers who want a relaxing beachfront stay with personalized island tours and exclusive surfing spots.", "created": "2025-02-26T04:21:43.932Z", "modified": "2025-02-28T16:11:42.845Z"}}, {"model": "packages.packagetype", "pk": 3, "fields": {"name": "Budget Surfers Delight", "price_per_person": "12000.00", "package": 1, "description": "Perfect for budget travelers looking to experience Siargaos famous surf spots and island vibes. Includes hostel lodging and guided surf lessons for beginners.", "created": "2025-02-26T04:33:00.618Z", "modified": "2025-02-28T16:11:25.413Z"}}, {"model": "packages.packagetype", "pk": 4, "fields": {"name": "Cultural Explorer", "price_per_person": "8500.00", "package": 2, "description": "Immerse yourself in the culture of the Ifugao people while staying in a traditional hut and participating in local customs.", "created": "2025-02-28T14:49:40.560Z", "modified": "2025-02-28T14:49:40.560Z"}}, {"model": "packages.packagetype", "pk": 5, "fields": {"name": "Comfort Trekker", "price_per_person": "15000.00", "package": 2, "description": "Enjoy the beauty of Banaue with the comfort of modern accommodations and a personal guide for an in-depth trekking experience.", "created": "2025-02-28T14:50:00.261Z", "modified": "2025-02-28T14:50:00.261Z"}}, {"model": "packages.packagetype", "pk": 6, "fields": {"name": "Backpackers Island Escape", "price_per_person": "13000.00", "package": 3, "description": "An affordable package designed for backpackers who want to explore Palawans stunning islands on a budget.", "created": "2025-02-28T14:50:17.113Z", "modified": "2025-02-28T14:50:17.113Z"}}, {"model": "packages.packagetype", "pk": 7, "fields": {"name": "Luxury Seaside Getaway", "price_per_person": "30000.00", "package": 3, "description": "A luxurious stay in a top-rated beachfront resort with a private island-hopping experience for a truly unforgettable escape.", "created": "2025-02-28T14:50:30.113Z", "modified": "2025-02-28T14:59:44.644Z"}}, {"model": "packages.packagetype", "pk": 8, "fields": {"name": "Hikers Challenge", "price_per_person": "22000.00", "package": 4, "description": "Designed for adventure seekers looking to conquer Mount Fuji with the guidance of expert mountaineers.", "created": "2025-02-28T14:50:45.759Z", "modified": "2025-02-28T14:50:45.759Z"}}, {"model": "packages.packagetype", "pk": 9, "fields": {"name": "Mount Fuji Climbing Expedition", "price_per_person": "35000.00", "package": 4, "description": "A relaxed and scenic journey to Mount Fuji with personalized assistance and a comfortable stay in a luxury hot spring resort.", "created": "2025-02-28T14:50:59.320Z", "modified": "2025-02-28T14:54:59.137Z"}}, {"model": "packages.packagetype", "pk": 10, "fields": {"name": "Adventurers Camp", "price_per_person": "40000.00", "package": 8, "description": "Ideal for those who love outdoor adventures, featuring an immersive camping and guided trekking experience.", "created": "2025-02-28T14:51:19.013Z", "modified": "2025-02-28T14:51:50.612Z"}}, {"model": "packages.packagetype", "pk": 11, "fields": {"name": "Deluxe Canyon Retreat", "price_per_person": "70000.00", "package": 8, "description": "Experience the Grand Canyon in comfort with a luxurious stay and a breathtaking helicopter tour over the canyon.", "created": "2025-02-28T14:51:41.682Z", "modified": "2025-02-28T14:51:41.682Z"}}, {"model": "packages.packagetype", "pk": 12, "fields": {"name": "City Explorer", "price_per_person": "30000.00", "package": 7, "description": "A budget-friendly way to experience the best of Sydney, including access to public transport and top attractions.", "created": "2025-02-28T14:59:00.940Z", "modified": "2025-02-28T14:59:00.941Z"}}, {"model": "packages.packagetype", "pk": 13, "fields": {"name": "Luxury Harbour Experience", "price_per_person": "60000.00", "package": 7, "description": "A high-end experience featuring a stay in a luxury hotel and a sunset cruise with fine dining and spectacular views of Sydney Harbour.", "created": "2025-02-28T14:59:18.647Z", "modified": "2025-02-28T14:59:18.647Z"}}, {"model": "packages.packagetype", "pk": 14, "fields": {"name": "Thrill Seekers Ride", "price_per_person": "9500.00", "package": 5, "description": "Perfect for adventure lovers who want to explore the Chocolate Hills up close with an extended ATV ride and an exciting zip-line experience.", "created": "2025-02-28T15:01:56.209Z", "modified": "2025-02-28T15:01:56.209Z"}}, {"model": "packages.packagetype", "pk": 15, "fields": {"name": "Nature & Culture Escape", "price_per_person": "15000.00", "package": 5, "description": "A relaxed yet immersive experience that combines Bohols stunning natural landscapes with cultural insights and local wildlife encounters.", "created": "2025-02-28T15:02:31.727Z", "modified": "2025-02-28T15:02:31.727Z"}}, {"model": "packages.packagetype", "pk": 16, "fields": {"name": "Falls Explorer Package", "price_per_person": "45000.00", "package": 6, "description": "Experience the raw power of Niagara Falls up close with a thrilling boat tour and stunning panoramic views from the observation deck.", "created": "2025-02-28T15:02:53.381Z", "modified": "2025-02-28T15:02:53.381Z"}}, {"model": "packages.packagetype", "pk": 17, "fields": {"name": "Luxury Falls Retreat", "price_per_person": "85000.00", "package": 6, "description": "A premium experience with breathtaking aerial views of the falls, a luxurious hotel stay, and exclusive guided tours.", "created": "2025-02-28T15:03:08.292Z", "modified": "2025-02-28T15:03:08.292Z"}}, {"model": "packages.packagetypeamenity", "pk": 17, "fields": {"package_type": 3, "name": "Shared hostel stay", "created": "2025-02-28T16:12:33.896Z", "modified": "2025-02-28T16:12:33.896Z"}}, {"model": "packages.packagetypeamenity", "pk": 18, "fields": {"package_type": 3, "name": "Beginner surf lessons", "created": "2025-02-28T16:12:49.518Z", "modified": "2025-02-28T16:12:49.518Z"}}, {"model": "packages.packagetypeamenity", "pk": 19, "fields": {"package_type": 2, "name": "Private beachfront villa", "created": "2025-02-28T16:13:02.884Z", "modified": "2025-02-28T16:13:02.885Z"}}, {"model": "packages.packagetypeamenity", "pk": 20, "fields": {"package_type": 2, "name": "Personal tour guide", "created": "2025-02-28T16:13:12.043Z", "modified": "2025-02-28T16:13:12.044Z"}}, {"model": "packages.packageroutepoint", "pk": 11, "fields": {"package_type": 3, "title": "Cloud 9 Surfing Spot", "point_number": 1, "location": "General Luna, Siargao", "description": "Experience the world-famous Cloud 9 waves with beginner-friendly surf lessons guided by professional instructors.", "day": 1, "start_time": "08:00:00", "end_time": "11:00:00", "created": "2025-02-28T16:16:32.013Z", "modified": "2025-02-28T16:16:32.013Z"}}, {"model": "packages.packageroutepoint", "pk": 12, "fields": {"package_type": 3, "title": "Magpupungko Rock Pools", "point_number": 2, "location": "Pilar, Siargao", "description": "Swim in crystal-clear tidal pools surrounded by stunning rock formations, best visited during low tide.", "day": 1, "start_time": "13:00:00", "end_time": "15:30:00", "created": "2025-02-28T16:17:15.824Z", "modified": "2025-02-28T16:19:20.539Z"}}, {"model": "packages.packageroutepoint", "pk": 13, "fields": {"package_type": 3, "title": "Siargao Night Market", "point_number": 3, "location": "General Luna, Siargao", "description": "Enjoy delicious local street food and fresh seafood at Siargaos vibrant night market, a must-visit for budget travelers.", "day": 1, "start_time": "18:00:00", "end_time": "20:00:00", "created": "2025-02-28T16:17:54.906Z", "modified": "2025-02-28T16:19:32.562Z"}}, {"model": "packages.packageroutepoint", "pk": 14, "fields": {"package_type": 2, "title": "Sugba Lagoon", "point_number": 1, "location": "Del Carmen, Siargao", "description": "Paddle through emerald-green waters surrounded by lush mangroves, with options for kayaking, paddleboarding, and diving.", "day": 1, "start_time": "09:00:00", "end_time": "12:00:00", "created": "2025-02-28T16:18:27.960Z", "modified": "2025-02-28T16:18:27.960Z"}}, {"model": "packages.packageroutepoint", "pk": 15, "fields": {"package_type": 2, "title": "Daku Island Private Beach", "point_number": 2, "location": "Daku Island, Siargao", "description": "Relax on an exclusive white-sand beach with a private lunch setup featuring fresh seafood and tropical fruits.", "day": 1, "start_time": "13:30:00", "end_time": "16:00:00", "created": "2025-02-28T16:18:56.624Z", "modified": "2025-02-28T16:19:05.412Z"}}, {"model": "packages.packageroutepoint", "pk": 16, "fields": {"package_type": 2, "title": "Sunset at Pacifico Beach", "point_number": 3, "location": "Pacifico, Siargao", "description": "Witness a breathtaking sunset at Pacifico Beach, a peaceful and less crowded spot perfect for unwinding.", "day": 1, "start_time": "17:30:00", "end_time": "19:00:00", "created": "2025-02-28T16:20:04.355Z", "modified": "2025-02-28T16:20:04.355Z"}}, {"model": "transactions.additionalfees", "pk": 2, "fields": {"tax_paid_percent": "12.00", "site_fees_percent": "20.00"}}, {"model": "transactions.booking", "pk": 72, "fields": {"package_type": 3, "user": 16, "num_of_person": 1, "booking_date": "2025-03-10T08:43:35.844Z", "start_date": "2025-03-01", "currency": "PHP", "modified": "2025-03-10T08:43:35.844Z"}}, {"model": "transactions.booking", "pk": 73, "fields": {"package_type": 3, "user": 15, "num_of_person": 3, "booking_date": "2025-03-10T10:02:40.342Z", "start_date": "2025-03-24", "currency": "PHP", "modified": "2025-03-10T10:02:40.342Z"}}, {"model": "transactions.booking", "pk": 98, "fields": {"package_type": 4, "user": 15, "num_of_person": 1, "booking_date": "2025-03-10T21:46:13.624Z", "start_date": "2025-03-10", "currency": "PHP", "modified": "2025-03-10T21:46:13.624Z"}}, {"model": "transactions.booking", "pk": 100, "fields": {"package_type": 16, "user": 15, "num_of_person": 1, "booking_date": "2025-03-10T23:35:08.895Z", "start_date": "2025-03-10", "currency": "PHP", "modified": "2025-03-10T23:35:08.895Z"}}, {"model": "transactions.transaction", "pk": 3, "fields": {"status": "completed", "booking": 72, "payment_id": "cs_test_a1Om0VEniFvCHGxr9lZQMX1wTunb42OeLRUGEBXqD1vnPjys6n9oddquFj", "currency": "PHP", "amount": "12000.00", "transfer_date": "2025-03-10T08:44:11.198Z", "modified": "2025-03-10T08:44:11.198Z", "additional_fees": 2}}, {"model": "transactions.transaction", "pk": 4, "fields": {"status": "completed", "booking": 73, "payment_id": "cs_test_a1E5Dm948d4ZesW5yVSZbXvmpJ7itGBmqvyaeC4jCGSvqAd9a34jzYk5Dl", "currency": "PHP", "amount": "36000.00", "transfer_date": "2025-03-10T10:02:58.091Z", "modified": "2025-03-10T10:02:58.091Z", "additional_fees": 2}}, {"model": "transactions.transaction", "pk": 5, "fields": {"status": "completed", "booking": 98, "payment_id": "cs_test_a1C272HZUaTgV9UtOynCNZEN7YAW8Ydur4uNh1VDEVDMUxzsZZCdTmcxld", "currency": "PHP", "amount": "8500.00", "transfer_date": "2025-03-10T21:46:35.822Z", "modified": "2025-03-10T21:46:35.822Z", "additional_fees": 2}}, {"model": "transactions.transaction", "pk": 6, "fields": {"status": "completed", "booking": 100, "payment_id": "cs_test_a1KxcTevPu3N1WRjV4rXbBFqVFSU2LM2DBeAOfbXSjG2lWFDL2LqM3QyPe", "currency": "PHP", "amount": "45000.00", "transfer_date": "2025-03-10T23:35:24.272Z", "modified": "2025-03-10T23:35:24.272Z", "additional_fees": 2}}, {"model": "transactions.packagereview", "pk": 6, "fields": {"review_by_user": 15, "transaction": 4, "comment": "testing", "rating": "5.0", "created": "2025-03-10T20:58:25.156Z", "modified": "2025-03-10T20:58:25.156Z"}}, {"model": "transactions.packagereview", "pk": 8, "fields": {"review_by_user": 15, "transaction": 5, "comment": "Wow so wonderful", "rating": "5.0", "created": "2025-03-10T23:11:09.665Z", "modified": "2025-03-10T23:11:09.665Z"}}, {"model": "users.user", "pk": 1, "fields": {"password": "pbkdf2_sha256$600000$NTQBOCWaEIZ4N8vlWfntlz$j8v/Ahb60ucY9HTC6/djEmEUGEOkEOETrrcFUqp5VXQ=", "last_login": "2025-03-10T23:10:52.493Z", "is_superuser": true, "username": "admin", "first_name": "", "last_name": "", "email": "", "is_staff": true, "is_active": true, "date_joined": "2025-02-25T07:30:37.490Z", "role": "administrator", "groups": [], "user_permissions": []}}, {"model": "users.user", "pk": 12, "fields": {"password": "pbkdf2_sha256$600000$hc2PHXZvt4s1eBnlOaxyAX$JRa1XmVwelGeCUlweawKVSjfOXbQaY+lU5io2520LSc=", "last_login": "2025-02-26T02:11:57.652Z", "is_superuser": false, "username": "host", "first_name": "John", "last_name": "Ramirez", "email": "admin@gmail.com", "is_staff": false, "is_active": true, "date_joined": "2025-02-26T02:01:36.245Z", "role": "host", "groups": [], "user_permissions": []}}, {"model": "users.user", "pk": 13, "fields": {"password": "pbkdf2_sha256$870000$3qtaxj9zi5zCxg3n5C9J6r$zx78nPKtEXwKXdc68j6WFtjGfztsiqQKSAHyE0PwwIE=", "last_login": "2025-03-01T13:13:56Z", "is_superuser": false, "username": "jcrrrrrrr", "first_name": "John", "last_name": "Ramirez", "email": "admin@gmail.com", "is_staff": false, "is_active": true, "date_joined": "2025-02-26T02:02:18Z", "role": "customer", "groups": [], "user_permissions": []}}, {"model": "users.user", "pk": 15, "fields": {"password": "pbkdf2_sha256$600000$woEiqYz3jBmxlffS8KESz2$J1WReKIxKhmNFJf1A873flNSzbffKlOTSR+zHi1fMug=", "last_login": "2025-03-10T23:35:49.203Z", "is_superuser": false, "username": "suisensei", "first_name": "Gerlie", "last_name": "Campion", "email": "gcampion@gmail.com", "is_staff": false, "is_active": true, "date_joined": "2025-03-02T13:01:58.488Z", "role": "customer", "groups": [], "user_permissions": []}}, {"model": "users.user", "pk": 16, "fields": {"password": "pbkdf2_sha256$600000$6zdCwDtqUdZhqYWlMo2pPN$rYDYwvxdYcs9ZVs0eqS2hsLFUHGzq1xZ4KTMvjnNnAU=", "last_login": "2025-03-10T21:52:50.827Z", "is_superuser": false, "username": "jcrrrrr", "first_name": "John", "last_name": "Ramirez", "email": "jcramirez340@gmail.com", "is_staff": false, "is_active": true, "date_joined": "2025-03-09T11:45:23.001Z", "role": "customer", "groups": [], "user_permissions": []}}, {"model": "users.userprofilelinks", "pk": 1, "fields": {"user": 15, "facebook": "https://www.facebook.com/DepartmentOfTourism/", "twitter": "https://x.com/tourismphl/", "instagram": "https://www.instagram.com/tourism_phl/"}}, {"model": "users.customerprofile", "pk": 2, "fields": {"user": 13, "gender": "M", "date_of_birth": "2004-12-12", "phone_number": "09611324357", "avatar": "image/upload/users_avatar/userProfile.jpg", "banner": "image/upload/users_banner/userBanner_whK47AS.jpg", "created_on": "2025-02-26T02:02:19.594Z", "modified_on": "2025-03-08T01:55:05.361Z"}}, {"model": "users.customerprofile", "pk": 3, "fields": {"user": 15, "gender": "F", "date_of_birth": "2005-05-23", "phone_number": "09567472359", "avatar": "image/upload/v1741398879/ie4amahqjuuvsshcwi50.jpg", "banner": "image/upload/v1741398884/hyutqcxo7rgoep03x9ve.jpg", "created_on": "2025-03-02T13:01:59.156Z", "modified_on": "2025-03-08T01:54:45.739Z"}}, {"model": "users.customerprofile", "pk": 4, "fields": {"user": 16, "gender": null, "date_of_birth": null, "phone_number": "", "avatar": "", "banner": "", "created_on": "2025-03-09T11:45:23.436Z", "modified_on": "2025-03-09T11:45:23.436Z"}}, {"model": "users.hostprofile", "pk": 4, "fields": {"user": 12, "company_name": "", "phone_number": "", "company_logo": "", "created_on": "2025-02-26T02:01:36.935Z", "modified_on": "2025-02-26T02:01:36.935Z"}}]